overall_rank,id,title,kind,cluster_name,mean_pct,convergence_kinds,cliche_votes,score,selected,reason,one_liner
1,I1172,Neutral Baselines and Neighbor Guarantees for Data Centers,wild,"Localities, utilities and landowners facing speculative data-center demand",0.986,5,0,1.046,True,top tournament score,"A neutral third party installs pre-construction sensors around proposed data centers and administers a developer-funded, automatic payout guarantee to neighbors, so permit fights run on evidence."
2,I0715,Interim Smoke-Damage Protocol Before the State Standard,persona,"Flood and fire survivors: mapping, buyouts, claims and rebuilding",0.986,5,0,1.046,True,top tournament score,"Publish and run the defensible smoke, ash and soot assessment protocol that California insurers, adjusters and lawyers will need on January 1, 2027, because the official technical standard will not exist until 2028-2029."
3,I0079,Phantom Load Vetting Desk for Rural Utilities,persona,"Localities, utilities and landowners facing speculative data-center demand",0.986,5,0,1.046,True,top tournament score,"A fee-based 'is this data center developer real?' diligence service for electric co-ops and municipal utilities drowning in 100-1,000 MW inquiries from shell LLCs."
4,I0434,Cross-Landlord Fake-Employer and Fake-Reference Registry,persona,Small firms and property managers defending against fraud and impersonation,1.0,4,0,1.045,True,top tournament score,"A shared network that spots rental fraud by the out-of-band details forgers cannot fake, such as the same 'HR' phone number, burner line or 'previous landlord' reused across dozens of leasing offices."
5,I0365,Ground-Truth Diligence for GPU-Backed Lenders,persona,"Investors, lenders and venues wanting real-economy ground truth",0.972,5,0,1.032,True,top tournament score,Independent-engineer-style diligence and monthly monitoring on the part of a data center build that satellites cannot see: the last 90 days before ready-for-service.
6,I0389,Independent Auditor for AI-Scribed Billing,persona,"Proving AI controls and human review to insurers, auditors and clients",0.972,5,0,1.032,True,top tournament score,"A continuous, coder-signed check on whether ambient AI scribe notes actually support the E/M levels being billed, before the payers or the government find out."
7,I0218,Sold-Out-of-Trust Radar for Floorplan Lenders,persona,Lenders and investors unable to verify collateral exists,0.986,4,0,1.031,True,top tournament score,Catch dealers that sell floored cars and pocket the payoff by watching the one signal an F&I insider knows can't be hidden: the VIN disappears from public listings but the floorplan payoff never arrives.
8,I0294,Unfreeze Desk for Indian UPI Merchants,signal,Informal finance and payment frictions in emerging markets,0.986,4,0,1.031,True,top tournament score,"A court-ready dossier generator and fixed-fee advocate network that unfreezes shopkeepers' bank accounts after a scam victim's UPI money passes through them, with a freeze-continuity layer later."
9,I1056,Unbundling Edits for Pet Insurance Claims,persona,Pet owners and insurers squeezed by rising vet bills,0.986,4,0,1.031,True,top tournament score,"Give pet insurers the claim-edit engine human health has had for 30 years: canonical procedure codes, bundling rules, and price benchmarks for messy vet invoices."
10,I0750,Tender-Time Snapshots: Post-Montgomery Broker Defense File,persona,"Freight brokers, carriers and shippers: fraud, liability and disputes",1.0,3,0,1.03,True,top tournament score,"A tamper-evident, per-load record of exactly what a broker knew about a carrier at the moment of tender, built to survive plaintiff discovery and to satisfy underwriters, then upgraded into a placed contingent-liability program for small brokers."
11,I0591,Loss-Draft Concierge for Disaster Rebuilds,wild,"Flood and fire survivors: mapping, buyouts, claims and rebuilding",0.958,5,0,1.018,True,top tournament score,"A draw desk that gets the insurance money for a destroyed house out of the mortgage servicer's restricted account and into the rebuild, paid by the contractors who need cash to start."
12,I0573,Medicaid Hours Wallet for Gig Workers,signal,"Benefit-rule changes: Medicaid work rules, SNAP and ACA cliffs",0.958,5,0,1.018,True,top tournament score,"A phone-based monthly proof-of-work ledger that turns gig, cash and self-employment activity into state-accepted documentation and 30-day cure packets, paid for by the Medicaid plans and health centers that lose revenue when members drop."
13,I0671,Operating System For Staff Cooperatives,persona,Informal finance and payment frictions in emerging markets,0.972,4,0,1.017,True,top tournament score,"Digitise the exercise-book ledgers of workplace cooperatives, which are the cheapest credit pipe for Nigerian civil servants and teachers, then connect their idle surpluses to each other."
14,I0287,Loss Draft Desk for Storm Contractors,persona,"Flood and fire survivors: mapping, buyouts, claims and rebuilding",0.957,5,0,1.017,False,cluster cap (2 per problem cluster),"Software and concierge service that gets contractors and homeowners through the mortgage servicer's loss-draft process, then advances cash against approved draws."
15,I0463,Pay Home Inspectors to Find Lead Pipes,persona,"Small water utilities: staffing, revenue leakage, lead lines and nitrate",0.972,4,0,1.017,True,top tournament score,"A micro-bounty network that pays home inspectors, plumbers and water-heater installers to photograph where the service line enters the basement, with AI classification, so utilities can clear 'unknown material' lines for about $40 each instead of $500-3,000 each."
16,I0552,Supplier Divorce Protection: Tool Census and Overrun Forensics,persona,US machine shops and reshoring manufacturers,0.972,4,0,1.017,True,top tournament score,"When a US manufacturer leaves a Chinese contract manufacturer, we find out which molds and dies it really owns, and prove whether the ex-supplier is still running them off the books."
17,I0708,Contingency Recovery of Unpaid Implant Carve-Outs,persona,Provider revenue leaks and payer denials,0.986,3,0,1.016,True,top tournament score,"Find and collect the implant and device carve-out payments that hospitals and surgery centers are owed but never bill, because the invoice lives in accounts payable and not in the billing office."
18,I0568,Landowner-Side Broker for Data-Center Land,wild,"Localities, utilities and landowners facing speculative data-center demand",0.944,5,0,1.004,False,cluster cap (2 per problem cluster),"A conflict-free advocate that scores your parcel's power value and runs a competitive process, so the family farm isn't sold cheap to an anonymous LLC."
19,I0109,Payoff-Triggered Refund Recovery for Credit Unions,persona,"Unclaimed money: settlements, refunds, penalties and unpaid invoices",0.944,5,0,1.004,True,top tournament score,"A payoff-desk plug-in that finds the unearned GAP and service-contract refunds the moment a member pays off, and applies unearned add-on credits in repossession deficiencies. It goes through lenders, not SEO, so it reaches the borrowers the consumer refund sites can't."
20,I1326,Referee Sampling for Black Mass and Battery Scrap,persona,"Recycling quality, distressed capacity and battery/EPR compliance",0.944,5,0,1.004,True,top tournament score,"Independent sampling and assay of black mass lots, using Pierre Gy's Theory of Sampling from mining, so scrap sellers and recyclers stop fighting over 5-15% payable swings."
21,I1240,Flight simulator drills for county SNAP eligibility workers,signal,"Benefit-rule changes: Medicaid work rules, SNAP and ACA cliffs",0.944,5,0,1.004,True,top tournament score,"Short daily drills using synthetic cases built from the state's own error taxonomy, sold to county social-services directors who are about to pay for every eligibility mistake."
22,I0617,Immune-Graded Beef-on-Dairy Calves With Warranty,persona,"Farm and ranch risks: disease, cash, storage and machinery",0.958,4,0,1.003,True,top tournament score,"A $1 refractometer reading at day 3-5 predicts whether a $1,400 crossbred calf lives, yet nobody independently verifies it at sale. Own that measurement and the warranty that follows."
23,I0338,Chute-Side Cow Counts for Ag Lenders,persona,Lenders and investors unable to verify collateral exists,0.958,4,0,1.003,True,top tournament score,"Turn the vet's preg-check clipboard into a borrower-consented, third-party-verified herd inventory that banks can lend against."
24,I0388,Contingency Hunters for Unbilled Water Revenue,persona,"Small water utilities: staffing, revenue leakage, lead lines and nitrate",0.958,4,0,1.003,True,top tournament score,"Find the 'ghost parcels' and slow big meters that leak revenue out of a utility, using assessor rolls, building footprints, imagery and billing data, and get paid 20-30% of what is recovered so the city risks nothing."
25,I0894,Liquid-Cooling Leak-Test Crews for AI Data Centers,persona,"Data center build quality, commissioning and waste-heat reuse",0.972,3,0,1.002,True,top tournament score,"A specialty crew of journeyman plumbers that flushes, fills, pressure-tests and photo-documents every quick-disconnect in AI liquid-cooled halls, sold per rack to neoclouds and the contractors building for them."
26,I0699,Memory Safe-Harbor: Stop Shredding Server DRAM,idea,"Data center build quality, commissioning and waste-heat reuse",0.972,3,0,1.002,True,top tournament score,"A component-level sanitization policy plus a resale desk that lets neoclouds and enterprises reuse retired DRAM, CPUs and GPUs instead of shredding whole servers."
27,I0093,"Collections That Hunt the Payer, Not the Patient",wild,Provider revenue leaks and payer denials,0.972,3,0,1.002,True,top tournament score,"A contingency-fee receivables firm for ambulance agencies and ER physician groups that, within 30 days of a self-pay bill, screens the patient for retroactive Medicaid eligibility and files the application for them, turning accounts debt buyers would take at 2-4 cents into full Medicaid payments."
28,I0640,Payer Offset and Recoupment Radar,persona,Provider revenue leaks and payer denials,0.972,3,0,1.002,False,cluster cap (2 per problem cluster),"Reconstruct the silent payer clawbacks buried in the 835 provider-level adjustment segment, then dispute the ones that lack notice or exceed state look-back limits."
29,I0773,Courthouse Tape: Land-Assembly Radar for Infrastructure,persona,Land and property facts trapped in county records,0.971,3,0,1.001,True,top tournament score,"A daily feed that reads recorded option memoranda, leases and easements to show who is quietly assembling land for data centers, solar and transmission weeks before anyone announces it."
30,I0836,Air-Permit Unlock for Idle Data Center Diesel,idea,Getting power for large loads and storage,0.944,4,0,0.989,True,top tournament score,Turn the ~55 GW of idle data center backup generators into dispatchable capacity by solving the air-permit problem instead of the hardware problem.
31,I0996,Grid-Code Models for AI Data Centers,idea,Getting power for large loads and storage,0.944,4,0,0.989,True,top tournament score,Validated dynamic load models and ride-through test packages so data centers can pass the same grid-code exams that generators pass.
32,I0068,Contingency Audit of Unbilled Plumbing Materials,persona,Small trade and service firms underpricing and leaking margin,0.929,5,0,0.989,True,top tournament score,"Reconcile a trade shop's supply-house invoices against its customer invoices and catch both parts that were bought but never billed and quiet supplier price drift, paid a percentage of what gets recovered."
33,I0832,Hour-Meter Forensics for Used Farm Equipment,collide,Lenders and investors unable to verify collateral exists,0.943,4,0,0.988,False,cluster cap (2 per problem cluster),"An independent inspection and identity report for used tractors and combines that cross-checks engine-hour logs across ECUs, serial numbers and liens to catch rolled-back hours and phantom sellers."
34,I0229,Warranty Clock Recovery Audits for Idle Halls,persona,Warranty claims left unfiled,0.958,3,0,0.988,True,top tournament score,A contingency-fee service that finds and files the warranty claims on energized-but-empty data halls before OEM warranty clocks silently expire.
35,I0952,Gate-Risk Radar for Evergreen Private Credit,persona,"Investors, lenders and venues wanting real-economy ground truth",0.928,5,0,0.988,True,top tournament score,"A quarterly shadow NAV and gate-probability score for every non-traded BDC and interval fund, sold to the RIAs and OCIOs who put clients into them."
36,I1266,Pharmacy-Side PBM Ledger for Employers,persona,"Independent pharmacies squeezed by PBMs, refund floats and deserts",0.958,3,0,0.988,True,top tournament score,"Independent pharmacies hold the half of the PBM ledger that employers never see, which is what the PBM actually paid the pharmacy. Pool it to run spread audits for self-insured employers, and give pharmacies a stay-or-leave calculator for their take-it-or-leave-it PBM contracts."
37,I0499,Bridge Loans for Medicare Drug-Price Refunds,persona,"Independent pharmacies squeezed by PBMs, refund floats and deserts",0.958,3,0,0.988,True,top tournament score,"Fund the 3-4 week float independent pharmacies now carry on Medicare's negotiated-price drugs, underwritten on predictable refund data, before Ozempic joins the list in January."
38,I0833,Grid-Code Commissioning for AI Campuses,persona,Getting power for large loads and storage,0.942,4,0,0.987,False,cluster cap (2 per problem cluster),"A test-and-certify service that validates how an AI campus behaves toward the grid (ride-through, load swings, oscillations), produces the field data transmission owners now must demand, and signs off on it."
39,I0704,One Recert: Housing Paperwork Keeps Medicaid Coverage,collide,"Benefit-rule changes: Medicaid work rules, SNAP and ACA cliffs",0.917,5,0,0.977,False,cluster cap (2 per problem cluster),"Reuse the income and employment paperwork affordable-housing operators already collect every year to stop residents' Medicaid from lapsing under the new work requirements, paid per retained member by Medicaid health plans."
40,I0399,Medicaid Exemption Evidence Packs for FQHCs,idea,"Benefit-rule changes: Medicaid work rules, SNAP and ACA cliffs",0.917,5,0,0.977,False,cluster cap (2 per problem cluster),"An EHR-connected engine that packages state-accepted exemption evidence (medically frail, SUD treatment, disability) so providers keep patients enrolled."
41,I0272,Owner-Side Ordering: The Royalty Asymmetry Calculator,persona,Small trade and service firms underpricing and leaking margin,0.917,5,0,0.977,True,top tournament score,"An advice-only LINE tool that tells franchise convenience-store owners how many fresh items to order and when to mark them down, using the owner's own payoff instead of HQ's."
42,I1164,Proof-of-Hours for Medicaid Work Requirements,wild,"Benefit-rule changes: Medicaid work rules, SNAP and ACA cliffs",0.917,5,0,0.977,False,cluster cap (2 per problem cluster),"A text-message-first evidence engine that helps gig, seasonal, cash and caregiving enrollees document the 80-hour requirement, paid by managed care plans and safety-net providers for each member retained."
43,I0820,"Power Passport: Scoring Dead Factories on Amps, Permits",persona,US machine shops and reshoring manufacturers,0.931,4,0,0.976,True,top tournament score,"A database and paid inspection report that rates shuttered Midwest plants on the things reshoring manufacturers actually need (utility service, slab, crane, transferable air and discharge permits) instead of square footage."
44,I0374,Outsourced 24-Hour Vulnerability Reporting Desk (CRA),idea,EU digital product laws for small connected-device makers,0.931,4,0,0.976,True,top tournament score,"A retainer service that acts as the manufacturer's PSIRT: it watches for actively exploited vulnerabilities in their products' components and files the 24-hour early warning, follow-up notification and final report to the EU platform."
45,I0491,Arc-Flash and Protection Studies Factory,idea,Getting power for large loads and storage,0.931,4,0,0.976,False,cluster cap (2 per problem cluster),"Deliver PE-stamped short-circuit, coordination and arc-flash studies in days rather than months, using AI to turn photos and one-lines into models."
46,I1281,Serial-Level Collateral Registry for GPU Lenders,persona,Lenders and investors unable to verify collateral exists,0.931,4,0,0.976,False,cluster cap (2 per problem cluster),"The independent field-exam firm and cross-lender double-pledge registry for AI hardware debt, built on the military rule that a serial number appears on one hand receipt only."
47,I1133,Renewal Radar for Silent AI Exclusions,wild,"Proving AI controls and human review to insurers, auditors and clients",0.915,5,0,0.975,True,top tournament score,"Track carriers' filed AI exclusions and tell brokers, 90 days before renewal, which clients just lost AI coverage, then place the affirmative buy-back."
48,I0924,Independent Collateral Audits for GPU-Backed Loans,wild,Lenders and investors unable to verify collateral exists,0.929,4,0,0.974,False,cluster cap (2 per problem cluster),"A floorplan-audit business for private credit: physically verify, monitor and value the GPUs that secure a fast-growing pile of debt."
49,I1072,Remote Operator-of-Record for Small Water Systems,idea,"Small water utilities: staffing, revenue leakage, lead lines and nitrate",0.929,4,0,0.974,False,cluster cap (2 per problem cluster),"A roll-up of certified operator licenses and contracts, with cheap remote telemetry so one operator can be operator-of-record for 10-30 small systems."
50,I1175,Finish Crew: Stranded Solar Job Completion,persona,"Residential solar leftovers: orphaned systems, leases and liens",0.944,3,0,0.974,True,top tournament score,"A completion contractor that takes half-built solar jobs abandoned by bankrupt installers all the way to permission-to-operate, and is paid by the lenders whose loans go bad while the system sits dark."
51,I0048,Private Road Associations in a Box,wild,"Home closings, condo boards and HOAs tangled in title and records rules",0.917,4,0,0.962,True,top tournament score,"Turn the neighbors' informal, cash-in-a-coffee-can road fund into a recorded, insurable road association with dues, reserves and competitively bid plowing and grading."
52,I1085,"Dry-Hole Atlas for Hydrogen, Helium, Geothermal",wild,Novel environmental and infrastructure data from satellites and crowd-sensing,0.917,4,0,0.962,True,top tournament score,"Re-read a century of scanned well logs and gas analyses, once treated as junk, to find natural hydrogen, helium and hot rock, and sell the resulting atlas to exploration companies by area of interest."
53,I0392,Customs-Verified Collateral for Inventory Lenders,persona,Lenders and investors unable to verify collateral exists,0.917,4,0,0.962,False,cluster cap (2 per problem cluster),"An API and reporting layer that verifies borrowers' in-transit inventory against ISF, entry, release and liquidation records, so lenders stop financing containers that do not exist."
54,I0900,Seller-Brain Capture and Margin Leak Audit,signal,Small trade and service firms underpricing and leaking margin,0.902,5,0,0.962,False,cluster cap (2 per problem cluster),"In the 90-day handover, reverse-engineer the retiring owner's pricing and rules of thumb from years of quotes and invoices, and find the contract and price leaks the seller never fixed, for a fee tied to recovered margin."
55,I1289,Settlement Passports for Florida High-Rise Condos,collide,Novel environmental and infrastructure data from satellites and crowd-sensing,0.917,4,0,0.962,True,top tournament score,"A satellite-radar settlement history for every Florida condo tower, sold as the cheap first page of the milestone-inspection and reserve-study file."
56,I1039,Retirement-in-a-Box for Exiting Appraisers,persona,"Owner wind-down, sudden death and tacit-knowledge handoff",0.917,4,0,0.962,True,top tournament score,"Take the workfile custody, E&O tail worry and direct lender clients off retiring appraisers, then hand the practice to supervised trainees, a bridge the industry has never had."
57,I0248,Fifteen-Minute Court Reporting for Family Law Hearings,persona,"Small litigation practices lacking evidence, records and benchmark tools",0.931,3,0,0.961,True,top tournament score,"Remove the half-day minimum by dispatching remote stenographers into many short hearings per day, so a family-law litigant gets a certified record of a 15-minute hearing for about $100."
58,I0428,Coder-Signed Reasonable-Value Reports for Injury Defense,persona,"Small litigation practices lacking evidence, records and benchmark tools",0.931,3,0,0.961,True,top tournament score,"A 48-hour, coder-certified benchmark report that tells defense lawyers and auto carriers what a letter-of-protection medical bill is actually worth."
59,I1062,Delay-Suit Rails for Stuck Immigration Cases,persona,Immigrant households and workers: status deadlines and paperwork,0.931,3,0,0.961,True,top tournament score,"White-label filing infrastructure that lets solo immigration lawyers file mandamus/APA delay lawsuits in 48 hours, turning the government's habit of mooting suits into a flat-fee product."
60,I0026,Data Centers Fund Their Host Utility's Leak Repairs,idea,Water scarcity: irrigation allocation and new supply,0.931,3,0,0.961,True,top tournament score,"A turnkey program where a data-center developer pays to cut real water losses in the host utility's own system and gets a signed, metered, same-source volume to show regulators and neighbors."
61,I1148,Parcel-Level Rebuttals to Wildfire Insurance Scores,collide,Homeowners and communities losing property insurance in high-risk areas,0.929,3,0,0.959,True,top tournament score,"Evidence packs showing a coarse satellite-derived wildfire score is wrong about one specific lot, filed under new statutory appeal rights."
62,I0160,Peak-Load Call Service for Mid-Size Factories,persona,Utilities avoiding costly network upgrades with distributed flexibility,0.914,4,0,0.959,True,top tournament score,"Predict the handful of hours a year that set a facility's capacity charge and alert the plant manager to cut load, paid as a share of verified savings."
63,I0754,Canary Errors: Measure If Human Reviewers Still Catch Mistakes,wild,"Proving AI controls and human review to insurers, auditors and clients",0.889,5,0,0.949,False,cluster cap (2 per problem cluster),"Phishing-simulation for 'human in the loop': plant known, harmless defects in AI drafts headed to human reviewers and sell the measured catch-rate as audit-grade proof of oversight."
64,I0065,Factory-Slot Exchange for Transformers and Switchgear,wild,Getting power for large loads and storage,0.903,4,0,0.948,False,cluster cap (2 per problem cluster),"A verified marketplace and escrow for reassigning manufacturer production slots, the truly scarce asset, from stranded projects to shovel-ready buyers."
65,I0716,Independent Referee for Survey Panel Data,idea,Gatekeepers drowning in AI-generated submissions and bot responses,0.903,4,0,0.948,True,top tournament score,"An audit that tells research buyers what share of their online-panel responses came from bots, agents or fraud farms, and recalibrates the study against a verified-human control sample."
66,I1315,Cross-Lender Double-Pledge Registry for Receivables,idea,Lenders and investors unable to verify collateral exists,0.903,4,0,0.948,False,cluster cap (2 per problem cluster),"A hashed, shared ledger where lenders confirm that an invoice, receivable or auto loan has not already been pledged elsewhere, starting with freight and trade factoring."
67,I0474,Dead Capital: Succession Kits for Diaspora Families,persona,"Diaspora families managing death, care and property across borders",0.903,4,0,0.948,True,top tournament score,"A flat-fee, advocate-supervised 'estate file' service that gets a dead parent's or grandfather's land, shares and dormant accounts legally transferred, sold to the adult children who pay from Nairobi, Dallas or Dubai."
68,I0585,Shared Certified Operators for Tiny Water Systems,wild,"Small water utilities: staffing, revenue leakage, lead lines and nitrate",0.903,4,0,0.948,False,cluster cap (2 per problem cluster),"A marketplace pairing retired and semi-retired certified water operators with mobile-home parks, small towns and rural systems that must legally have one and cannot hire one."
69,I0270,Amps Not Acres: Power Headroom for Retrofits,idea,US machine shops and reshoring manufacturers,0.903,4,0,0.948,False,cluster cap (2 per problem cluster),Headroom reports and a load-sequencing kit that let plants add machines inside existing walls without a new transformer.
70,I0195,Contingency Recovery of Missed Rotable Repair Warranties,persona,Warranty claims left unfiled,0.917,3,0,0.947,True,top tournament score,"A success-fee auditor that finds repaired aircraft components that failed inside the shop's warranty window, and turns them into filed claims and cash."
71,I0989,Orphan Lien Clearance Desk for Title Agents,persona,"Residential solar leftovers: orphaned systems, leases and liens",0.917,3,0,0.947,True,top tournament score,A flat-fee curative service that proves dead solar fixture filings and other zombie liens are dead (or gets them released) so home closings stop stalling.
72,I0926,Cube Receipt: Win LTL Reclass and Reweigh Disputes,persona,"Freight brokers, carriers and shippers: fraud, liability and disputes",0.917,3,0,0.947,True,top tournament score,"A 45-second phone-based dimension-and-weight capture at the shipper's dock produces a timestamped, tamper-evident record attached to the BOL, then used to contest LTL carrier reclass and reweigh charges on contingency."
73,I1117,Private Road Agreements That Save Rural Closings,persona,"Home closings, condo boards and HOAs tangled in title and records rules",0.902,4,0,0.947,True,top tournament score,"A flat-fee e-sign-and-record service that produces the road-maintenance and shared-well agreements lenders demand, then turns each road into a dues-collecting association."
74,I0243,Medicaid Work-Rule Retention for Hospitals and Plans,wild,"Benefit-rule changes: Medicaid work rules, SNAP and ACA cliffs",0.887,5,0,0.947,False,cluster cap (2 per problem cluster),"A text-first service that proves work hours and exemptions on behalf of Medicaid members, paid per retained member by the hospitals and health plans that would otherwise lose them."
75,I1287,MFP Cash Bridge for Independent Pharmacies,wild,"Independent pharmacies squeezed by PBMs, refund floats and deserts",0.917,3,0,0.947,False,cluster cap (2 per problem cluster),Reconciliation plus short-term financing for the cash gap independent pharmacies now carry between dispensing at Medicare's negotiated price and getting the manufacturer refund.
76,I1317,Yes-in-God's-Backyard Deal Desk for Congregations,collide,Shrinking institutions with idle buildings,0.916,3,0,0.946,True,top tournament score,"A fixed-fee service that tells a shrinking congregation and its denomination what its land can legally become (by-right housing, ground lease, sale, merger), then runs the governance, title and buyer process."
77,I0236,Tariff Surcharge Clawback for B2B Buyers,signal,Recovering IEEPA tariff refunds and surcharges,0.875,5,0,0.935,True,top tournament score,A contingency-fee service that mines a buyer's 2025-26 supplier invoices for 'tariff surcharge' lines and recovers a share of the IEEPA refunds those suppliers are now collecting.
78,I0583,Keep-the-House Buyout Desk for Divorcing Spouses,wild,"Houses caught in death, divorce or care transitions",0.875,5,0,0.935,True,top tournament score,"A divorce-specific mortgage desk that keeps the low-rate first mortgage alive, gets the leaving spouse released, and funds the equity buyout with a small second lien instead of a full high-rate cash-out refinance."
79,I0806,Second-opinion technical review for city data center deals,signal,"Localities, utilities and landowners facing speculative data-center demand",0.875,5,0,0.935,False,cluster cap (2 per problem cluster),"A fixed-fee package for small cities facing a data center: adversarial review of the developer's noise, water and power submissions, plus a term sheet built from the few community benefit agreements that exist."
80,I1032,AltSchool Without Buildings: Disability Programs in Host Schools,wild,"Microschools, homeschoolers and shrinking districts",0.889,4,0,0.934,True,top tournament score,"AltSchool burned $170M+ building its own schools; in Texas, the new voucher money can only reach accredited schools with two years of history, so rent that eligibility by running clinician-led disability programs inside half-empty accredited private schools."
81,I0764,Assay-Verified Swarf Pooling for Machine Shops,persona,Critical minerals and rare-earth supply chain recovery and provenance,0.903,3,0,0.933,True,top tournament score,"Turn the chip bin into a revenue line: two-bin alloy segregation, assayed weekly pickup, and pooled truckloads sold direct to mills and remelters."
82,I0999,FEOC and Cyber Passport for Batteries,idea,"Brands substantiating origin, recycled-content and green claims",0.903,3,0,0.933,True,top tournament score,"A serial-number-level ledger of material-assistance content and firmware and comms attestations for storage projects, built for tax-credit buyers and insurers."
83,I0215,Guard-Shack Handshake: Stopping Fictitious Pickups at the Gate,persona,"Freight brokers, carriers and shippers: fraud, liability and disputes",0.903,3,0,0.933,False,cluster cap (2 per problem cluster),"A free, no-login gate tool for shipper guard shacks that shows the pre-enrolled driver, truck, plate and a one-time PIN, paid for per protected load by brokers and cargo insurers."
84,I1325,Orphaned Solar Lease Cleanup at Home Closings,persona,"Residential solar leftovers: orphaned systems, leases and liens",0.903,3,0,0.933,False,cluster cap (2 per problem cluster),"A closing-desk service that untangles orphaned solar leases, PPAs and UCC fixture filings on retirees' homes so sales and estates can close."
85,I0199,Rural Vet Call Logs as Outbreak Early Warning,persona,"Farm and ranch risks: disease, cash, storage and machinery",0.888,4,0,0.933,True,top tournament score,"Producers call the vet before they call the state. Anonymized weekly counts of abortions, maggot wounds, sudden deaths and respiratory clusters are a leading indicator that traders, insurers and packers will pay for."
86,I0710,Widow-First Retention Drills for Wealth Advisors,idea,"Hospice, dying and the first weeks of bereavement",0.917,2,0,0.932,True,top tournament score,"Sell independent advisors an annual 'if one of us dies' rehearsal for couples, because the defection risk sits at the first spouse's death, not with the kids."
87,I0769,Ruling-Backed Tariff Engineering for Product Brands,persona,"Tariff cost, classification and customs for small importers",0.917,2,0,0.932,True,top tournament score,A productized design-and-ruling service that helps mid-market brands legitimately re-spec products across tariff-line boundaries and locks the result in with a CBP binding ruling.
88,I1097,Post-Montgomery Walk-Around Audits for Freight Brokers,persona,"Freight brokers, carriers and shippers: fraud, liability and disputes",0.902,3,0,0.932,False,cluster cap (2 per problem cluster),A gig network of working and retired truckers who physically inspect the carriers a broker hires and hand back a lawyer-ready diligence file.
89,I1211,Plumber Doorstep Network for Lead Line Access,persona,"Small water utilities: staffing, revenue leakage, lead lines and nitrate",0.886,4,0,0.931,False,cluster cap (2 per problem cluster),"Sell water utilities and their engineering consultants a local-plumber network that verifies unknown service-line materials, converts homeowner access agreements and does the interior tie-ins on lead and galvanized line replacements."
90,I1011,Court-Ready Smoke Testing Protocol for Fire Survivors,signal,"Flood and fire survivors: mapping, buyouts, claims and rebuilding",0.87,5,0,0.93,False,cluster cap (2 per problem cluster),"A standardized smoke and ash sampling protocol plus lab network that satisfies California's new smoke-damage presumption law, sold to public adjusters, policyholders and eventually carriers."
91,I0185,Distressed Cargo Rescue Desk for Bankrupt Importers,persona,Resellers and liquidators of surplus and fandom goods,0.9,3,0,0.93,True,top tournament score,"A broker-run desk that takes orphaned containers from failed importers, clears the four-way legal tangle in days, and delivers the goods to off-price buyers at deep discounts."
92,I0861,China-Asset Diligence Desk for Pharma BD,idea,Biotech capital: diligence and salvage,0.885,4,0,0.93,True,top tournament score,"A bilingual scientist-plus-software sprint that verifies China-sourced drug packages (raw data, GLP and CMC standing, ownership chain) in 72 hours for US buyers."
93,I1151,Unwind Desk for California's 3-Day Car Return,persona,Consumer lenders' compliance and loss pressures,0.899,3,0,0.929,True,top tournament score,"A per-return concierge that unwinds a cancelled used-car deal (lender, add-on administrators, DMV, sales tax, commissions) inside California's new 48-hour refund deadline. It then turns the return data into a return-risk pool."
94,I0632,Tariff Refund Claim Files for Small Importers,persona,Recovering IEEPA tariff refunds and surcharges,0.861,5,0,0.921,True,top tournament score,"Turn a small importer's messy customs data into a refund-ready, financeable claim ledger, paid by success fee or on sale of the claim."
95,I1214,Responsible-Charge Network for AI-Made Professional Work,wild,"Proving AI controls and human review to insurers, auditors and clients",0.861,5,0,0.921,False,cluster cap (2 per problem cluster),"Licensed engineers and architects take legal responsibility for AI-generated permit sets per review, with a review-telemetry audit trail that also lowers malpractice premiums."
96,I0705,Medicaid Work-Rule Retention Packets for Health Plans,signal,"Benefit-rule changes: Medicaid work rules, SNAP and ACA cliffs",0.861,5,0,0.921,False,cluster cap (2 per problem cluster),"A pay-per-retained-member service that assembles the income-proxy, exemption and medical-frailty evidence packets Medicaid expansion enrollees need to keep coverage, sold to the health plans and clinics that lose revenue when members are dropped."
97,I0808,Data Act Broker for Equipment Owners,wild,EU digital product laws for small connected-device makers,0.875,4,0,0.92,True,top tournament score,"File and operationalize EU Data Act data-access demands so independent service shops can finally read the diagnostics that elevator, heat-pump, forklift and tractor makers lock away."
98,I0381,Lien-Release Chasing for Title Agents,signal,"Home closings, condo boards and HOAs tangled in title and records rules",0.875,4,0,0.92,False,cluster cap (2 per problem cluster),"A per-release service that finds who now owns an old paid-off mortgage, sends the statutory demand, and chases the lender by voice, email and mail until the release is recorded."
99,I0605,Verified-MW Truth Feed for Data Center Load,idea,"Localities, utilities and landowners facing speculative data-center demand",0.859,5,0,0.919,False,cluster cap (2 per problem cluster),"A probability score and satellite-plus-permit verification of every large-load request, so planners and investors can tell the real 42 GW from the 201 GW of paper."
100,I0667,Continuity Retainer for One-Licensee Funeral Homes,persona,"Independent funeral homes facing key-person, overnight and consolidation pressure",0.874,4,0,0.919,True,top tournament score,"Key-person insurance for funeral homes: a bench of pre-credentialed licensed directors and embalmers who step in within 24-48 hours when the owner is sick, burned out or gone, with a built-in path to succession."
101,I1099,Pre-Registered Neighbor Impact Studies for Data Centers,persona,"Localities, utilities and landowners facing speculative data-center demand",0.859,5,0,0.919,False,cluster cap (2 per problem cluster),"A neutral 'testing lab' for whether a data center, battery plant or transmission line lowers nearby home values, with the method locked and published before anyone sees the results."
102,I1229,Shared-Aide Pods for 55+ Apartment Buildings,idea,"Home and residential care: labor supply, family caregivers and small-scale models",0.874,4,0,0.919,True,top tournament score,"One on-site aide team serves 6-10 residents in the same building, delivering assisted-living-style help at a fraction of 1:1 home-care cost."
103,I0665,Fractional Operator for Tiny Private Water Systems,collide,"Small water utilities: staffing, revenue leakage, lead lines and nitrate",0.873,4,0,0.918,False,cluster cap (2 per problem cluster),"A flat-fee compliance back office and operator-of-record for the mobile-home parks, small subdivisions and rural employers that own small water systems and are about to face PFAS testing in 2027."
104,I0016,Remote Second-RN for Rural Night Shifts,persona,Rural and underserved patients who cannot reach care,0.903,2,0,0.918,True,top tournament score,"A pool of remote nurses that acts as the recorded, independent second person on video for narcotic waste, blood checks and high-alert drug double-checks when a rural hospital has three nurses on at 3am."
105,I1025,Tele-Clearance for Sheriffs' Booking Desks,persona,"Rural sheriffs, jails and small police agencies",0.886,3,0,0.916,True,top tournament score,"A night-shift nurse-and-NP screening service that lets a rural deputy clear an arrestee for booking from the jail, without spending four hours in the ER while the county goes unpatrolled."
106,I0444,Data Center Deal Desk for Rural Counties,wild,"Localities, utilities and landowners facing speculative data-center demand",0.847,5,0,0.907,False,cluster cap (2 per problem cluster),"An independent negotiating desk that gives county and township boards a benchmark of every comparable data-center abatement and community-benefit contract, a counter term sheet and a fiscal model, paid for by the developer's review escrow."
107,I1246,Ratepayer Impact Statements for Data Centers,idea,"Localities, utilities and landowners facing speculative data-center demand",0.847,5,0,0.907,False,cluster cap (2 per problem cluster),"An independent, quantified 'who pays' filing for every proposed data center, like an environmental impact statement but for your electric bill."
108,I0725,Tariff Refund Rescue for Micro-Importers,signal,Recovering IEEPA tariff refunds and surcharges,0.847,5,0,0.907,False,cluster cap (2 per problem cluster),"A flat-fee triage, protest and pooled-filing service that recovers IEEPA tariff refunds for small importers whose entries fell outside the automated CBP refund system."
109,I0776,Builder Defect Outbreak Radar From Permit Clusters,persona,"Home closings, condo boards and HOAs tangled in title and records rules",0.861,4,0,0.906,False,cluster cap (2 per problem cluster),"Epidemiology for houses: read repair-permit clusters by builder, subdivision and vintage to tell HOA boards they have a defect outbreak and how many months remain on the legal clock."
110,I1335,Retired Operators as Fractional Rural Water Chiefs,collide,"Small water utilities: staffing, revenue leakage, lead lines and nitrate",0.861,4,0,0.906,False,cluster cap (2 per problem cluster),"A cooperative of retired licensed water operators, each serving as the certified 'operator in responsible charge' for several tiny water systems remotely plus monthly visits, while converting their tacit knowledge into digital manuals."
111,I0892,Finishing Milk Run for Small Machine Shops,persona,US machine shops and reshoring manufacturers,0.861,4,0,0.906,False,cluster cap (2 per problem cluster),"A scheduled truck route and capacity-slot exchange that pools small lots from many shops into full tank loads and racks at platers, anodizers, heat treaters and powder coaters."
112,I0781,Nonrenewal Cure: Rebutting Insurer Cancellations,idea,Homeowners and communities losing property insurance in high-risk areas,0.875,3,0,0.905,True,top tournament score,"Nonrenewal notices often cite fixable issues like roof condition, tree overhang or debris. Sell homeowners a fast diagnosis, repair and evidence packet to get re-underwritten instead of dumped on a FAIR plan."
113,I1209,Real-Factory Credentials From Customs Shipping Records,wild,"Brands substantiating origin, recycled-content and green claims",0.875,3,0,0.905,True,top tournament score,Turn public US import records into supplier-owned reputation credentials and audit-ready reasonable-care dossiers that prove a factory is a real manufacturer.
114,I0877,Year-Round Books for Immigrant-Community Tax Storefronts,idea,Small trade and service firms underpricing and leaking margin,0.845,5,0,0.905,False,cluster cap (2 per problem cluster),"Give community tax preparers WhatsApp-native, in-language AI bookkeeping so they can serve their small-business clients all year."
115,I0633,Tariff Refund Recovery for Dead Importers,persona,Recovering IEEPA tariff refunds and surcharges,0.845,5,0,0.905,False,cluster cap (2 per problem cluster),"A contingency service that finds failed or dormant importers whose IEEPA refund claims are stranded, revives them or works through their bankruptcy trustee, and files the claims through a licensed broker."
116,I0945,Vacant-Unit Meter Watchdog and Insurance Vacancy Log,persona,Condition monitoring for asset owners and their service contractors,0.875,3,0,0.905,True,top tournament score,"Uses utility smart-meter data that owners already have rights to, so PMs can catch squatters, leaks and freeze risk in empty units within hours, without installing any hardware."
117,I1322,Ghost-Student Fraud Defense for Community Colleges,idea,Gatekeepers drowning in AI-generated submissions and bot responses,0.859,4,0,0.904,True,top tournament score,Enrollment-fraud screening built into admissions and financial-aid workflows that separates real applicants from bot-driven ghost students before aid disburses.
118,I1140,Cross-Mine Critical Spares Pool and Inventory Cleanup,persona,Singular / uncategorized,0.903,1,0,0.903,True,top tournament score,"An AI cleaner for mine SAP materials masters that frees cash from duplicate spares, then turns the informal WhatsApp groups of competing mines' maintenance planners into a contractual, insured rotables pool for mill motors, liners and haul-truck parts."
119,I1294,Hardening Passport: Proof That Earns Premium Credits,idea,Homeowners and communities losing property insurance in high-risk areas,0.873,3,0,0.903,False,cluster cap (2 per problem cluster),"A contractor-paid evidence layer that turns every roof, vent and 5-ft-zone job into an insurer-acceptable credit claim or parcel-score appeal."
120,I0553,ITAR-Safe Identity for New-Space Startups,collide,New defense and drone suppliers: compliance and financing hurdles,0.857,4,0,0.902,True,top tournament score,"An identity layer that proves a new hire is real, where they actually are and whether they may legally see spacecraft technical data, then feeds that attribute straight into SSO and PLM access controls."
121,I0133,Recovery Audits for Downstream Tariff Refunds,signal,Recovering IEEPA tariff refunds and surcharges,0.874,5,1,0.901,False,cluster cap (2 per problem cluster),A contingency-fee recovery-audit firm that mines buyers' AP invoice history for IEEPA-era price step-ups and files contract claims against suppliers who pocketed the tariff refund.
122,I0289,IEP Chief of Staff for Special-Ed Parents,wild,"K-12 districts' legal service duties: IEPs, attendance, nutrition and Title I",0.87,3,0,0.9,True,top tournament score,"Rich parents win school disputes with a paid educational advocate and paper trail; for $20/mo, give parents of the roughly 7.5M US students with IEPs a chief of staff who watches the legal clocks and logs every missed service minute."
123,I0724,1098-VLI Reporting for Small Auto Lenders,signal,Consumer lenders' compliance and loss pressures,0.87,3,0,0.9,True,top tournament score,"Turn a loan tape into IRS-ready Form 1098-VLI statements, with VIN validation and U.S.-final-assembly flags, for credit unions, community banks and buy-here-pay-here dealers that cannot wait for their core vendor."
124,I1050,Contingency-Fee Meter Audits for Water Utilities,idea,"Small water utilities: staffing, revenue leakage, lead lines and nitrate",0.847,4,0,0.892,False,cluster cap (2 per problem cluster),"Test the big commercial and industrial meters that under-register, replace them, and take a share of the new billed revenue for two years."
125,I0916,Placement Proof for Workforce Pell Providers,signal,Colleges and training programs under new federal loan caps and earnings tests,0.847,4,0,0.892,True,top tournament score,"A verified job-placement and completion ledger that makes short-term training programs (CDL, CNA, welding, HVAC, medical assistant, cosmetology) audit-ready for the governor and Secretary approvals that Workforce Pell requires."
126,I0876,Zero-Return Tax Desks Inside POS Agent Shops,persona,Informal finance and payment frictions in emerging markets,0.847,4,0,0.892,False,cluster cap (2 per problem cluster),Turn trusted POS agent shops into walk-in compliance desks that get informal traders their TIN and filed small-company returns before the penalties bite.
127,I0703,Instant Will-Serve Letters From Hydraulic Models,persona,"Small water utilities: staffing, revenue leakage, lead lines and nitrate",0.847,4,0,0.892,False,cluster cap (2 per problem cluster),Turn a utility's calibrated hydraulic model into a self-serve 'can you serve this address?' oracle that issues fire-flow and will-serve determinations in 48 hours instead of 4 weeks. It starts with developers and sprinkler designers and grows into a water-readiness index for data center and fab site selectors.
128,I0791,Vet-Supervised Cattle Crews for the Screwworm Era,persona,"Farm and ranch risks: disease, cash, storage and machinery",0.847,4,0,0.892,False,cluster cap (2 per problem cluster),"Custom-harvester-style crews do the 80% of a vet's working day that is labor (inspect, treat navels, tag, record) so the scarce vet supervises and signs instead of holding the chute."
129,I0227,Verified Pay Receipts for Truck Driver Hiring,persona,"Gig, tipped and cash workers unable to prove income",0.847,4,0,0.892,True,top tournament score,"Drivers upload settlement stubs and AI turns them into the true, receipts-backed pay per mile and per hour away from home for every carrier, sold as a hiring credential and as income proof for lenders."
130,I0717,CRA Continuity Kit for One-Person Vendors,signal,EU digital product laws for small connected-device makers,0.847,4,0,0.892,False,cluster cap (2 per problem cluster),"An outsourced EU Cyber Resilience Act desk that handles the 24h/72h/14-day vulnerability reporting clock and keeps a signed 10-year release vault with a dead-man's-switch escrow, built for micro-vendors with no security team."
131,I0939,Rotor Rescue: Scrapyard Magnet Pick-and-Pay,idea,Critical minerals and rare-earth supply chain recovery and provenance,0.861,3,0,0.891,True,top tournament score,A price-sheet-plus-gauss-meter program that pays scrapyards for magnet-dense motors and rotors they currently sell as steel and copper.
132,I0868,Human Bench Network for AI Agents,idea,"Autonomous and AI-directed labs: infrastructure, safety and access",0.845,4,0,0.89,True,top tournament score,An API-fronted network of laid-off expert bench scientists who run ad hoc wet-lab experiments for AI agents and return machine-readable execution records.
133,I0543,The True Acceptance Map for Rural Transfers,persona,Rural and underserved patients who cannot reach care,0.875,2,0,0.89,True,top tournament score,"Voice AI agents call every receiving psychiatric unit and specialty hospital each night to learn what they will actually accept, and rural ERs text a number to find out who will say yes."
134,I0887,Port-Level IP Shield for Indie Brands,persona,Crowdfunded hardware makers and indie product brands,0.874,2,0,0.889,True,top tournament score,"A subscription that registers small brands' trademarks and copyrights with CBP, feeds officers product-identification guides, and turns port detentions into evidence and settlements against the importers."
135,I0689,Failed-Part Bounty for Insurance Subrogation,persona,Singular / uncategorized,0.889,1,0,0.889,True,top tournament score,"Pay plumbers a bounty to bag, photograph and chain-of-custody the pipe, supply line or fitting that failed, then sell the evidence and a brand-level failure database to insurers' subrogation units and manufacturers."
136,I0400,Bench-Truth Diligence for Biotech Investors,persona,Biotech capital: diligence and salvage,0.844,4,0,0.889,True,top tournament score,"Sell seed VCs, pharma BD teams and AI-bio founders confidential 'does this paper's key result actually work?' intelligence, from anonymous postdoc consensus polls up to paid replication of the one key experiment."
137,I1179,Mother-Tongue Lifeline for Dementia Flashpoints,persona,Dementia and Alzheimer's care at home and in memory care,0.858,3,0,0.888,True,top tournament score,"On-demand live video calls where a dementia-trained speaker of the patient's first language and dialect coaches the English-speaking aide and calms the patient at bath, bedtime and exit-seeking moments."
138,I0958,Resolution-Risk Ratings for Prediction Market Contracts,persona,"Investors, lenders and venues wanting real-economy ground truth",0.819,5,0,0.879,False,cluster cap (2 per problem cluster),"A credit-rating-style score for how likely an event contract is to resolve ambiguously or be disputed, plus the rulebook basis between 'identical' contracts on different venues."
139,I0648,Medicaid Look-Back Packet Builder,signal,"Benefit-rule changes: Medicaid work rules, SNAP and ACA cliffs",0.818,5,0,0.878,False,cluster cap (2 per problem cluster),"Turn 60 months of messy bank statements into a caseworker-ready Medicaid application packet with explanations, so families avoid 'failure to provide verification' denials."
140,I0747,Managed 24-Hour CRA Vulnerability Reporting Desk,wild,EU digital product laws for small connected-device makers,0.833,4,0,0.878,False,cluster cap (2 per problem cluster),"A hosted OWASP Dependency-Track plus an on-call analyst rota that tells small hardware makers within hours whether an exploited vulnerability hits their firmware, then drafts the ENISA 24h/72h filings."
141,I0346,Payday-Shaped Pix Automático Cadence for Low-Income Billers,signal,Informal finance and payment frictions in emerging markets,0.833,4,0,0.878,False,cluster cap (2 per problem cluster),"A layer on top of Brazilian gateways that designs the recurring-debit cadence (weekly, biweekly, payday-aligned) and consent options at enrollment, so small billers stop losing all-or-nothing monthly debits."
142,I0158,Programmable Lockbox for GPU and Robot Collateral,wild,Lenders and investors unable to verify collateral exists,0.833,4,0,0.878,False,cluster cap (2 per problem cluster),"Tri-party custody software and hardware that lets lenders verify, and if needed take over, financed GPU clusters and robot fleets sitting in someone else's building."
143,I0061,Farm Income Dial: ACA Cliff Management,persona,"Benefit-rule changes: Medicaid work rules, SNAP and ACA cliffs",0.818,5,0,0.878,False,cluster cap (2 per problem cluster),A December planning service that uses the grain-contract and input-prepay levers farmers already control to keep household income under the 400% poverty cliff and avoid repaying a full year of health subsidies.
144,I0800,WhatsApp Voice-Note Superintendent for Spec Builders,idea,"Small builders' crew coordination, permits and speed",0.833,4,0,0.878,True,top tournament score,"A bilingual coordinator-plus-AI service that runs daily crew confirmations, headcounts and re-sequencing for a builder's two dozen subs over WhatsApp voice notes, priced per house."
145,I0574,Aftermarket Support for Stranded DJI Fleets,idea,"Aircraft and drone operators: maintenance, parts, permits and navigation",0.833,4,0,0.878,True,convergence add,"Repair, rebuilt batteries, parts and firmware-independence retrofits for the many legally owned DJI drones that can no longer be replaced with new models."
146,I0554,Bonded Escorts for Sedated Outpatient Patients,wild,"Solo agers without family to act as proxy, executor or guardian",0.847,3,0,0.877,False,below cutoff,"A background-checked adult who legally receives your discharge instructions and takes you home after a colonoscopy or other sedated procedure, sold to the clinics that lose the slot when you have no ride."
147,I0008,Battery-Buffered Induction Kitchens for LPG-Starved Restaurants,collide,Getting power for large loads and storage,0.832,4,0,0.877,False,cluster cap (2 per problem cluster),"A load-sharing controller and optional battery lets Indian cloud kitchens and restaurants switch from scarce LPG to induction without waiting months for a utility load upgrade, then pools the fleet as a lunch-and-dinner-peak resource for DISCOMs."
148,I1203,Investor-Cap Look-Through Checks for Title Companies,idea,"Home closings, condo boards and HOAs tangled in title and records rules",0.832,4,0,0.877,False,cluster cap (2 per problem cluster),"An API that traces a buyer's LLC web to its parent and counts the homes it controls, so title and escrow can clear the ROAD Act's 350-home limit at closing."
149,I0020,Fiduciary Collection Executor for Heirs,idea,Executors and small probate firms drowning in estate paperwork,0.847,3,0,0.877,False,below cutoff,"A service that inventories, appraises and sells inherited card, comic, toy and coin collections for estate lawyers and executors, with an audit trail built for fiduciary liability."
150,I1278,NFC Open-Item Tags for Aircraft Shift Handover,persona,"Aircraft and drone operators: maintenance, parts, permits and navigation",0.83,4,0,0.875,False,below cutoff,"Tamper-evident NFC red-tags that record every opened panel, disconnected line and removed component on an aircraft, and block sign-off until each is closed with an as-left photo."
151,I0423,Waste-Fat Origin Passports for 45Z Fuel,idea,"Brands substantiating origin, recycled-content and green claims",0.844,3,0,0.874,False,cluster cap (2 per problem cluster),"Collector-level audits, chain of custody and lab fingerprinting that prove a load of used cooking oil or animal fat is North American."
152,I0702,Hours Wallet for Medicaid Work Requirements,signal,"Benefit-rule changes: Medicaid work rules, SNAP and ACA cliffs",0.813,5,0,0.873,False,cluster cap (2 per problem cluster),"A text-first tool that proves 80 hours or $580 a month of work for gig and cash earners, paid by Medicaid plans and clinics that lose money when members drop off."
153,I0174,Test-once PFAS proof registry for packaging importers,signal,"PFAS exposure, testing and disposal",0.855,2,0,0.87,False,below cutoff,"A SKU-level registry and group-buy of accredited PFAS lab reports, so importers of the same factory's food packaging share one test and can produce an authority-ready dossier fast."
154,I0314,Heir-to-Own: Sibling Buyouts on Inherited Homes,idea,"Houses caught in death, divorce or care transitions",0.806,5,0,0.866,False,below cutoff,Help the sibling who wants to keep the family house buy out the others by assuming the parent's low-rate mortgage and financing the rest.
155,I1184,Konbini Pulse: Owner-Run Launch Verdict Panel,persona,"Investors, lenders and venues wanting real-economy ground truth",0.806,5,0,0.866,False,cluster cap (2 per problem cluster),"A paid panel of convenience-store owners who report real shelf sell-through of new items in the first 48 hours after each Tuesday launch, sold to food makers who otherwise see only HQ's verdict."
156,I0973,Baseline: Bank-Feed Proof of Displacement Costs,persona,"Flood and fire survivors: mapping, buyouts, claims and rebuilding",0.806,5,0,0.866,False,cluster cap (2 per problem cluster),"An app that reconstructs a displaced family's 'normal' spending from pre-loss bank statements and computes the exact increase that Additional Living Expense coverage owes, in carrier-ready format."
157,I0540,Section 8 Rent-Increase Deadline Capture Service,signal,"Landlords in soft markets: vouchers, evictions, vacancies and retention",0.805,5,0,0.865,True,convergence add,"A tracker that knows each voucher tenant's lease anniversary, sees the new FY2027 payment standard, and files the landlord's rent-increase request inside the tight 60-day window before a year of raise is forfeited."
158,I1121,Employer-Backed Workforce Pell Program Packager,wild,Colleges and training programs under new federal loan caps and earnings tests,0.819,4,0,0.864,False,below cutoff,"Package 8-15 week, employer-guaranteed training programs that clear state approval and the 70% completion and 70% placement tests, paid per verified hire by the employers who need workers, with Pell covering tuition."
159,I1276,Fees-in-Kind: Harvest Becomes School Fee Credit,persona,Smallholders and rural households in emerging markets,0.819,4,0,0.864,True,convergence add,"A weigh-in and ledger service that lets parents pay school fees with maize, beans and potatoes at a transparent price, while schools get cheaper, steadier food supply."
160,I0780,24/7 named-filer retainer for CRA reporting,signal,EU digital product laws for small connected-device makers,0.819,4,0,0.864,False,cluster cap (2 per problem cluster),"A follow-the-sun 'fractional PSIRT' that pre-registers, drills and files CRA Article 14 vulnerability reports on the ENISA portal for small connected-device makers."
161,I0588,Abandoned Property and Tenant-Death Response Crew,persona,"Landlords in soft markets: vouchers, evictions, vacancies and retention",0.804,5,0,0.864,False,below cutoff,"A per-event service that handles the legally dangerous moments landlords dread most, such as a tenant who vanishes leaving belongings or a tenant who dies alone, with statutory clocks, next-of-kin outreach and documented disposal."
162,I0619,Warm-Backup Servicer for Orphaned Solar,idea,"Residential solar leftovers: orphaned systems, leases and liens",0.833,3,0,0.863,False,cluster cap (2 per problem cluster),Be the standby operations-and-maintenance contractor for lenders and securitization trustees holding portfolios of systems whose installer died.
163,I0013,O-1 Evidence Vault as a Startup Employee Benefit,persona,Immigrant households and workers: status deadlines and paperwork,0.833,3,0,0.863,False,below cutoff,"Continuously captures, verifies and time-stamps the evidence that O-1A, EB-1A and NIW petitions are actually won on, so a lawyer can file in weeks instead of scrambling for six months."
164,I1334,Court-Ready Deepfake Authenticity Reports for Lawyers,idea,Defensible authenticity evidence for disputed digital media,0.833,3,0,0.863,False,below cutoff,"$500-1,500, 48-hour forensic reports on disputed audio, video, screenshots and voicemails, written to survive an authenticity challenge."
165,I0988,"Bulk Records-Request Refinery, Septic-First",wild,Land and property facts trapped in county records,0.833,3,0,0.863,False,below cutoff,"Build datasets that do not exist by filing thousands of automated public-records requests to county health departments, then reading the scans with vision models and selling address-level reports."
166,I0798,Concession-Adjusted Comps for Appraisers,idea,Repricing softening property markets,0.847,2,0,0.862,False,below cutoff,"A browser tool that reconstructs what homes really sold for after seller credits and buydowns, so appraisers, lenders and AVMs stop valuing collateral off gross headline prices."
167,I1058,Foreign-Ties Clearance Pack for SBIR Startups,signal,New defense and drone suppliers: compliance and financing hurdles,0.814,4,0,0.859,False,below cutoff,"A fixed-price, agency-ready foreign-involvement and cyber-readiness dossier priced to fit inside the SBIR technical-assistance allowance, so the startup pays nothing out of pocket."
168,I1218,Lender-Required Benefit Records for F&I Add-Ons,persona,Consumer lenders' compliance and loss pressures,0.829,3,0,0.859,False,cluster cap (2 per problem cluster),"A 20-second, VIN-aware 'did this product actually benefit this buyer' check and signed record that indirect lenders demand as a funding stip, because California's CARS Act (SB 766) bans add-ons that provide no benefit and lenders inherit the exposure."
169,I0971,Warranty-Linked Installer Certification for African Solar Batteries,collide,Smallholders and rural households in emerging markets,0.812,4,0,0.857,False,below cutoff,"Battery and inverter brands pay per certified installer and per registered installation, and every certification requires geotagged commissioning proof, which builds an installed-base registry that lenders and insurers cannot otherwise get."
170,I0424,Payment-Slip Doctor for Foreign Residents,persona,Immigrant households and workers: status deadlines and paperwork,0.826,3,0,0.856,False,below cutoff,"A LINE service that lets a foreign resident photograph a Japanese payment slip or government letter and get a plain explanation, deadline, consequences and payment help in their own language."
171,I0305,Co-op Ledger Signals: Farm Distress Early Warning,persona,"Farm and ranch risks: disease, cash, storage and machinery",0.806,4,0,0.851,False,cluster cap (2 per problem cluster),"Benchmark co-ops on their own receivables, then sell the anonymized, county-level 'who is paying whom first' data to lenders, insurers and equipment financiers as a leading indicator of farm distress."
172,I1135,Fake-Citation Triage for Defendants Facing Pro Se Filings,idea,Gatekeepers drowning in AI-generated submissions and bot responses,0.806,4,0,0.851,False,cluster cap (2 per problem cluster),"A same-day report showing which citations in an opposing pro se filing are fake, misquoted or overruled, formatted as a court-ready exhibit for a motion to strike or for sanctions."
173,I0936,Water Towers as Virtual Power Plants,persona,Utilities avoiding costly network upgrades with distributed flexibility,0.806,4,0,0.851,False,below cutoff,"Aggregate municipal pump stations and elevated tanks into a controllable flexible load that dodges peak-coincident charges and earns demand-response and capacity payments, with a hard guarantee on pressure and fire reserve and an operator veto."
174,I0320,CRA Ten-Year Update Vault for Vendors,signal,EU digital product laws for small connected-device makers,0.806,4,0,0.851,False,cluster cap (2 per problem cluster),"An escrow-plus-hosting service that keeps a small vendor's signed security updates, vulnerability intake and orphaned open-source dependencies alive for the EU Cyber Resilience Act's ten-year obligation if the vendor folds or an upstream dies."
175,I1300,Tariff Surcharge Credit-Memo Recovery for Mid-Size Manufacturers,persona,Recovering IEEPA tariff refunds and surcharges,0.79,5,0,0.85,False,cluster cap (2 per problem cluster),"Mine a plant's accounts-payable history for 2025-26 tariff surcharges, then win credit memos from the distributors who are now receiving IEEPA refunds."
176,I0326,Group Apprenticeship Employer for Data-Center Electricians,idea,Skilled-trades labor gap,0.819,3,0,0.849,False,below cutoff,"An Australian-style group training organization that employs apprentices and rents them to small electrical and plumbing contractors, absorbing the paperwork, wage risk and poaching risk."
177,I1192,Ceremony-as-a-Service for Direct Cremation Providers,idea,Families choosing direct cremation with no ritual,0.819,3,0,0.849,False,below cutoff,"White-label the memorial gathering that low-cost cremation providers can't deliver, so families buy a $1.5K box of ashes plus a $3.5K send-off."
178,I0204,Solar Closing Desk for Listing Agents,persona,"Residential solar leftovers: orphaned systems, leases and liens",0.819,3,0,0.849,False,cluster cap (2 per problem cluster),"A per-listing service that clears solar leases, PPAs, loans and UCC-1 fixture filings before the house hits the MLS, so escrow does not blow up in week three."
179,I0411,Civil-Document Runners for Immigrant Families,persona,Immigrant households and workers: status deadlines and paperwork,0.818,3,0,0.848,False,below cutoff,"A vetted in-country network that retrieves, verifies and delivers birth, marriage, police and court records for consular and NVC cases, with chain-of-custody proof and no forged shortcuts."
180,I1107,Pre-Inspected Wildfire Books From Moratorium Zip Codes,signal,Homeowners and communities losing property insurance in high-risk areas,0.818,3,0,0.848,False,cluster cap (2 per problem cluster),"Turn California's public nonrenewal-moratorium ZIP lists into a supply of mitigation-verified risks, sold to carriers and MGAs who want good business and to commercial-residential owners who need it."
181,I1029,Defensibility Desk for GenAI Document Review,idea,"Proving AI controls and human review to insurers, auditors and clients",0.788,5,0,0.848,False,below cutoff,"An independent validation service that samples, blind-reviews and documents the accuracy of AI-assisted document review so litigators can defend it to opposing counsel and judges."
182,I0788,Independent audit desk for city surveillance vendors,signal,"City and county governments: thin staff, grants and vendor oversight",0.816,3,0,0.846,False,below cutoff,"A fixed-price monthly service that checks whether a city's license-plate-reader and drone vendor is actually following the city's own sharing rules, and hands the council a report it can cite."
183,I0471,Two-Way Kasuhara Desk for Tiny Japanese Businesses,signal,"Workforce compliance for remote, tipped and platform workers",0.816,3,0,0.846,False,below cutoff,"A QR-and-LINE 'complaint lane' plus staff backup button that gives micro-businesses the customer-harassment policy, consultation channel and evidence log Japan now requires."
184,I0038,Inherited-Rental Stabilization Service for Estate Attorneys,persona,"Houses caught in death, divorce or care transitions",0.778,5,0,0.838,False,below cutoff,"A flat-fee 30-day service that stabilizes rental properties the moment an owner dies, sold through probate attorneys and trust officers who fear personal liability."
185,I0233,Pre-Loss Home Reconstruction Dossiers for Insurance Claims,persona,"Flood and fire survivors: mapping, buyouts, claims and rebuilding",0.778,5,0,0.838,False,below cutoff,"Rebuild, in the exact quality and condition language insurers can't wave away, what a destroyed home actually had, using old appraisals, listing photos, permits and imagery."
186,I0071,Error-Rate Cliff Insurance for SNAP Agencies,signal,"Benefit-rule changes: Medicaid work rules, SNAP and ACA cliffs",0.778,5,0,0.838,False,below cutoff,"A managed QC service that re-reads a sample of newly approved and recertified SNAP cases against federal review rules and builds federal-dispute packets, sold to county and state agencies facing cost-share penalties."
187,I0718,Battery passport starter that feeds on repair-shop events,signal,"Recycling quality, distressed capacity and battery/EPR compliance",0.778,5,0,0.838,False,below cutoff,"A cheap battery-passport package for e-bike and small pack makers, plus a repair-shop scanning app that supplies the lifecycle events the passport is legally supposed to track."
188,I0938,Large-Load Water Tariff Desk for Utilities,idea,"Localities, utilities and landowners facing speculative data-center demand",0.778,5,0,0.838,False,below cutoff,"An advisory-plus-software desk that gives small water and wastewater utilities the tariffs, effluent valuation and contract terms to negotiate with data centers."
189,I0279,"Cash Caregiver Rails: Deductible, Reimbursable, Legal",wild,"Home and residential care: labor supply, family caregivers and small-scale models",0.792,4,0,0.837,False,below cutoff,"Payroll plus clinician plan-of-care paperwork that turns cash-paid family and neighbor caregivers into tax-deductible, insurance-reimbursable, workers'-comp-covered employment."
190,I1280,Persistent Methane Plumes as Equipment Sales Leads,wild,Novel environmental and infrastructure data from satellites and crowd-sensing,0.792,4,0,0.837,False,below cutoff,"Sell satellite-detected methane emitters to the vendors who profit from fixing them: a lead-gen engine, not a compliance tool."
191,I0496,Courthouse-Handwriting Graph to Clear Heirs' Property,idea,Land and property facts trapped in county records,0.806,3,0,0.836,False,below cutoff,"Use AI that can read old handwritten deeds and probate files to map who really owns family land that never went through probate, and sell clean title to the buyers who need it."
192,I0813,"Pay Farmers to Under-Irrigate, Not Fallow",idea,Water scarcity: irrigation allocation and new supply,0.806,3,0,0.836,False,below cutoff,"A broker and satellite-verification layer that pays growers of alfalfa, hay and cotton for mid-season deficit irrigation and hands corporate and municipal buyers audited acre-feet."
193,I0441,Sole-source price-reasonableness memos from council agenda data,signal,"City and county governments: thin staff, grants and vendor oversight",0.806,3,0,0.836,False,below cutoff,"A buy-side benchmark built from public council packets showing what other governments pay Tyler, Axon, OpenGov and Flock, sold as the missing price-reasonableness memo for every sole-source renewal."
194,I1009,Roof Rebuttal Kits for Aerial-Photo Insurance Drops,signal,Homeowners and communities losing property insurance in high-risk areas,0.806,3,0,0.836,False,below cutoff,"A 48-hour, flat-fee evidence packet and cheap-fix dispatch that lets homeowners beat insurer non-renewals based on aerial imagery instead of paying $20k for an unneeded roof."
195,I0873,Ship-Anywhere Prices for Pickup-Only Auction Lots,persona,Resellers and liquidators of surplus and fandom goods,0.804,3,0,0.834,False,below cutoff,"Embed binding, lot-level delivered prices and a booked load-out window into online auction listings, so pickup-only machinery, estate and surplus lots attract national bidders, with the broker taking a cut of freight and the auctioneer sharing the hammer-price uplift."
196,I0601,Fish Settlement Audit Becoming the Fleet's Payment Rail,persona,Fisheries and ecosystem-service operators,0.819,2,0,0.834,False,below cutoff,"Start by auditing settlement sheets against fish tickets to recover missed money, then become the split-pay rail that routes each settlement to crew, lessors, lenders and the IRS."
197,I0408,Payroll and Tax-Prep Rails for Scholarship Credit,idea,Singular / uncategorized,0.833,1,0,0.833,False,below cutoff,"Embeddable 'route my credit' flows in payroll, CPA and banking tools that turn the federal scholarship tax credit into a mass-market donation default."
198,I0420,Notary-Witnessed Hiring Against Deepfake Candidates,idea,"Verifying real human skill, identity and authorship in hiring and education",0.802,3,0,0.832,False,below cutoff,On-demand licensed notaries sit beside a remote candidate for the final interview or day-one onboarding and sign an attestation.
199,I0631,Broker Spread Reveal: Two-Sided Freight Ledger,persona,"Freight brokers, carriers and shippers: fraud, liability and disputes",0.801,3,0,0.831,False,below cutoff,"Match what shippers paid brokers against what carriers were actually paid, so every broker's true margin by lane becomes visible for the first time."
200,I0041,One-Filing Shield for At-Risk Public Servants,persona,Singular / uncategorized,0.83,1,0,0.83,False,below cutoff,"A single intake that files every county office's address-confidentiality forms, fixes what gets recorded next, and monitors leaks for judges, election officials and clinicians."
201,I0019,Incretin-in-a-Drop Assay for Life Underwriting,idea,"Access, affordability and supply integrity for GLP-1 and compounded drugs",0.812,2,0,0.827,False,below cutoff,"A dried-blood-spot or oral-fluid lab test that tells insurers whether an applicant is actually on semaglutide, tirzepatide, orforglipron or retatrutide."
202,I0812,One Annual Fee for Every Mandatory EU Representative,idea,Exporters meeting foreign sustainability and representation rules,0.778,4,0,0.823,True,convergence add,"A roll-up of small EU authorised-representative shops that bundles every legally required local presence (GDPR Art. 27, AI Act, Data Act, product safety, CRA) into one liability-bearing annual contract for non-EU companies."
203,I0237,Funeral Committee Escrow and Fixed-Price Vendor Network,persona,Informal finance and payment frictions in emerging markets,0.778,4,0,0.823,False,below cutoff,"A per-funeral M-Pesa vault where contributions can only be released to pre-priced vendors with two-of-three committee approvals, ending the 'where did the burial money go' fights."
204,I0856,Church-Basement Microschools for Retired Teachers,persona,"Microschools, homeschoolers and shrinking districts",0.778,4,0,0.823,False,below cutoff,"A turnkey venue, insurance, fire-code and ESA-billing kit that lets a retired teacher open an 8-15 student paid school in a congregation's empty weekday classrooms."
205,I0348,Amnesty Desk: Legalizing Unpermitted Backyard Units,wild,"Small builders' crew coordination, permits and speed",0.778,4,0,0.823,False,below cutoff,"Fixed-fee 'legalize your existing unit' service that is paid at closing, turning unpermitted ADUs and garage conversions into appraisable, financeable, insurable square footage."
206,I0930,Dock Tax: Pricing Every Shipper Facility's Hidden Premium,persona,"Freight brokers, carriers and shippers: fraud, liability and disputes",0.792,3,0,0.822,False,below cutoff,"Use pooled broker quote and cover data to compute the exact per-load premium carriers add to any lane touching each bad dock, then sell shippers a ranked 'fix these five docks' report with dollar savings attached."
207,I0799,Executive Physicals for Union Trades Members,wild,Preventive and longevity care outside conventional insurance,0.792,3,0,0.822,False,below cutoff,"Mobile 'Physical Days' at union halls and apprenticeship centers that give tradespeople the CEO-style cardiometabolic checkup, sold to the multiemployer health funds that pay their claims."
208,I1136,Dialysis Chair-Fill Rides Paid Per Completed Treatment,wild,Rural and underserved patients who cannot reach care,0.806,2,0,0.821,False,below cutoff,"A dedicated, route-based ride service for dialysis patients (same driver, same van loop, three times a week) priced per treatment completed instead of per trip, sold to the clinics and risk-bearing kidney-care companies that lose money on every missed session."
209,I0278,Closing-Time Recovery for Shutting Small Businesses,wild,"Unclaimed money: settlements, refunds, penalties and unpaid invoices",0.761,5,0,0.821,False,below cutoff,"A contingency-fee agent that finds and collects the money owners forget when they close: tariff refunds, overpaid taxes, insurance returns, deposits and vendor credits."
210,I0966,Genki Tap: Konbini Clerks as Paid Elder Watchers,persona,Adult children managing aging parents from afar,0.791,3,0,0.821,False,below cutoff,"Pay convenience-store staff to log a three-second 'seen and how they seemed' note on enrolled elderly regulars, and alert family and local support centers when someone goes quiet or drifts."
211,I0442,Pay-Per-Decibel Neighbor Trust for Data Centers,wild,"Localities, utilities and landowners facing speculative data-center demand",0.76,5,0,0.82,False,below cutoff,"An independent trust that owns a sensor mesh around a data center and automatically pays nearby households every time the hum exceeds agreed limits, turning 'trust us' into a self-executing contract."
212,I0006,File-Cabinet-to-Pipeline Digitization Crew,signal,Small trade and service firms underpricing and leaking margin,0.76,5,0,0.82,False,below cutoff,A mobile scan-and-extract crew that turns a newly acquired trades company's filing cabinets and paper job files into a clean customer and equipment-age database plus a ready-to-run replacement and membership campaign.
213,I0728,Special-Tool Exchange for Retiring Regional Fleets,persona,"Aircraft and drone operators: maintenance, parts, permits and navigation",0.775,4,0,0.82,False,below cutoff,"Buy or take on consignment the OEM special tooling stranded when regionals retire 50-seat jets and older turboprops, calibrate it, and rent or sell it to operators who cannot get it from the OEM for months."
214,I0768,"Certified Raw Milk: Testing, Herdshares, Insurance",wild,Food and beverage producers facing new rules and safety risks,0.774,4,0,0.819,False,below cutoff,"The neutral assurance layer for the gray-legal raw milk market: weekly pathogen and H5N1 testing, herdshare paperwork, and the first insurable 'tested farm' program."
215,I1075,Canary Humans: Leak-Testing ID Verification Vendors,idea,"Buyers unable to verify vendor, algorithm or AI-safety claims",0.774,4,0,0.819,True,convergence add,"Put consenting, instrumented real people through a platform's ID and age checks, then prove whether the vendor kept, leaked or resold their documents."
216,I0890,Supplier-Funded Books for Trade-Credit Customers,idea,"Restaurants' idle hours, used oil and credit risk",0.788,3,0,0.818,False,below cutoff,"Regional distributors pay to give each micro-customer done-for-you books, and get a permissioned live view of that customer's credit risk."
217,I0727,Duty Refund Claims Desk for Small Importers,idea,Recovering IEEPA tariff refunds and surcharges,0.792,5,1,0.818,False,below cutoff,"Over $100B in tariff refunds are flowing, but small importers can't afford the paperwork. Run the filing, deadline tracking and refund advance as a service."
218,I0037,Diaspora-Financed Home Batteries for Family Back Home,collide,Smallholders and rural households in emerging markets,0.77,4,0,0.815,False,below cutoff,"Sell home battery and solar systems to migrants in the US, UK, Canada and EU as a monthly subscription that keeps the lights on for their relatives, underwritten on the sender's credit rather than the recipient's."
219,I1187,Biotech Graveyard Data Exchange,wild,Biotech capital: diligence and salvage,0.769,4,0,0.814,False,below cutoff,"Rescue, clean and license the wet-lab data of shutting-down biotechs, especially the failed and negative results that AI drug-discovery models are starved of, and split the proceeds with the estate."
220,I0955,Contingency Water-Bill Recovery for Small Commercial Sites,collide,"Unclaimed money: settlements, refunds, penalties and unpaid invoices",0.75,5,0,0.81,False,below cutoff,"A no-win-no-fee service that rebuilds small commercial sites' water, sewer and stormwater bills from the local tariff and claws back irrigation-sewer overcharges, leak credits and stormwater-fee errors."
221,I0772,SNAP-Ready Kits for Corner Stores,signal,"Benefit-rule changes: Medicaid work rules, SNAP and ACA cliffs",0.75,5,0,0.81,False,below cutoff,A UPC-level 'variety counter' plus a pre-built wholesale fill kit that tells a convenience store exactly what to stock to keep SNAP authorization under USDA's new staple-food rule.
222,I0202,Recurring-Gift Migration Concierge for Churches,signal,Small trade and service firms underpricing and leaking margin,0.75,5,0,0.81,False,below cutoff,A fixed-fee service that moves a church's recurring donors off an expensive or hostile giving platform without losing them.
223,I0886,Spray-Drone Service Depots for Grounded Fleets,idea,"Aircraft and drone operators: maintenance, parts, permits and navigation",0.764,4,0,0.809,False,below cutoff,"Independent repair, parts and loaner service for the roughly 80% of US spray drones that are DJI Agras."
224,I0482,Coolant Assay Lab for Liquid-Cooled GPU Racks,wild,"Data center build quality, commissioning and waste-heat reuse",0.778,3,0,0.808,False,below cutoff,"Oil analysis for GPU clusters: mail-in and inline coolant testing that catches corrosion and biofilm before they kill racks, and produces the neutral evidence for warranty fights."
225,I0253,Boundary Truth: Ledger of Special-District Lines,persona,Land and property facts trapped in county records,0.778,3,0,0.808,False,below cutoff,"Turn recorded annexation, inclusion and exclusion instruments into a single authoritative boundary ledger that catches wrong tax bills, wrong ballots and wrong 911 routing."
226,I0695,Defense Magnet and Tungsten Provenance Dossiers,idea,Critical minerals and rare-earth supply chain recovery and provenance,0.778,3,0,0.808,False,below cutoff,A shared investigator that produces audit-ready provenance files on magnets and tungsten parts for the sub-tier suppliers who cannot get answers from their distributors.
227,I1101,Predict Walk-In Cooler Failures Via Refrigeration Techs,persona,Condition monitoring for asset owners and their service contractors,0.778,3,0,0.808,False,below cutoff,"White-label predictive monitoring that local commercial-refrigeration companies sell as a maintenance plan, so a failing compressor becomes a Tuesday service visit rather than a Saturday-night emergency."
228,I0249,Verified Colony-Strength Ledger for Commercial Beekeepers,wild,"Farm and ranch risks: disease, cash, storage and machinery",0.763,4,0,0.808,False,below cutoff,"Third-party hive-strength verification and escrowed pollination contracts, turning bees into a gradeable, financeable commodity after record die-offs."
229,I0920,Court-Safe Esper Machine From Bystander Video,wild,"Small litigation practices lacking evidence, records and benchmark tools",0.778,3,0,0.808,False,below cutoff,"Blade Runner's Esper machine, made honest: a scaled, non-generative 3D reconstruction of an accident scene from mixed dashcam, doorbell, CCTV and phone clips, with error bars built to survive an admissibility challenge."
230,I1299,Tamper-Proof Photo Evidence for Produce Rejections,collide,Defensible authenticity evidence for disputed digital media,0.778,3,0,0.808,False,below cutoff,A capture-only app that produces AI-proof receiving-dock photo and video evidence so shippers can contest bogus load rejections and reroute rejected produce to salvage buyers within hours.
231,I0479,AV-TEST for Deepfake and Liveness Detectors,idea,"Buyers unable to verify vendor, algorithm or AI-safety claims",0.762,4,0,0.807,False,below cutoff,A buyer-funded independent lab that red-teams deepfake and liveness detectors every month against fresh in-the-wild fakes and publishes procurement-grade scorecards.
232,I0360,Vendor-neutral body-cam redaction bureau with fee pass-through,signal,"Rural sheriffs, jails and small police agencies",0.777,3,0,0.807,False,below cutoff,"A CJIS-cleared remote team that returns double-reviewed redacted police video priced per minute below the fee small cities already charge requesters, so the bureau funds itself."
233,I0739,Crash-Test Ratings for Collusive Pricing Agents,wild,"Buyers unable to verify vendor, algorithm or AI-safety claims",0.792,4,1,0.803,False,below cutoff,"A simulation lab and clean-room negotiation venue that certifies your pricing or negotiating agent does not tacitly collude with counterpart agents, like Euro NCAP for antitrust."
234,I0042,Pay-Per-Win Appeals Desk for Nursing Homes,signal,Provider revenue leaks and payer denials,0.806,3,1,0.802,False,below cutoff,"A 24/7 appeal desk that turns every Medicare Advantage post-acute denial and coverage-termination notice into a filed appeal, paid only when the plan reverses."
235,I0104,Tariff Refund Kit for Informal-Entry Sellers,signal,Recovering IEEPA tariff refunds and surcharges,0.736,5,0,0.796,False,below cutoff,"Turn a small seller's DHL/FedEx/UPS duty invoices into a filed IEEPA refund claim, for the importers who never had a CBP account."
236,I1103,Burn-Lot Exit Desk for Fire Survivors,idea,"Flood and fire survivors: mapping, buyouts, claims and rebuilding",0.736,5,0,0.796,False,below cutoff,"Package burned lots and stranded insurance claims into sellable assets, and auction them to vetted builders at fair prices."
237,I0171,Blue Tarp Index: Adjuster Ground Truth for ILS,persona,"Investors, lenders and venues wanting real-economy ground truth",0.736,5,0,0.796,False,below cutoff,"A subscription that sells cat-bond and reinsurance investors what veteran field adjusters can see in the first 10 days after a disaster, before any model or carrier report exists."
238,I1314,Inherited Low-Rate Mortgage Concierge for Heirs,collide,"Houses caught in death, divorce or care transitions",0.736,5,0,0.796,False,below cutoff,"A flat-fee service that helps heirs keep, assume or transfer a parent's low-rate mortgage instead of paying it off at closing, and values that rate as an estate asset so siblings can buy each other out fairly."
239,I0565,Help-Desk Reset Firewall for MSPs,idea,Small firms and property managers defending against fraud and impersonation,0.75,4,0,0.795,False,below cutoff,"A plug-in for ConnectWise, Autotask and HaloPSA that makes it impossible for a technician to reset a password or MFA without out-of-band verification and manager approval."
240,I1327,Deferred-Payment Shield for Grain Sellers,persona,"Farm and ranch risks: disease, cash, storage and machinery",0.75,4,0,0.795,False,below cutoff,A counterparty-risk monitor plus surety/letter-of-credit wrap that turns the unsecured December 'deferred payment' loans farmers unknowingly make to their elevators into protected receivables.
241,I0146,Last Day Co: Small Business Wind-Down,wild,"Owner wind-down, sudden death and tacit-knowledge handoff",0.75,4,0,0.795,False,below cutoff,"A flat-fee retirement service for owners who do not want to sell, just stop: legal wind-down, lease exit, records custody, customer-list handoff and a proper last day."
242,I0241,Substitute-Plan Binders for Retiring Business Owners,persona,"Owner wind-down, sudden death and tacit-knowledge handoff",0.75,4,0,0.795,False,below cutoff,"Retired teachers interview 60+ owner-operators and write a 'sub plan' any stranger could use to run the shop for a week, sold through business brokers."
243,I1258,GLP-1 Palate Panel for Food R&D,idea,Businesses adapting to GLP-1 users' changed consumption,0.75,4,0,0.795,True,convergence add,"A managed panel of GLP-1 users and their households that food and restaurant companies rent to test products, portions and health claims."
244,I0301,Orphan-Element Audits for Copper Concentrate and Tailings,persona,Critical minerals and rare-earth supply chain recovery and provenance,0.764,3,0,0.794,False,below cutoff,"A 90-day survey that measures the tellurium, selenium, bismuth, cobalt, germanium, rhenium, indium and scandium copper mines already ship for free, then brokers by-product credit rights with refiners."
245,I1173,Presence Ledger: Reconstruct Every Trip You Took,persona,Immigrant households and workers: status deadlines and paperwork,0.764,3,0,0.794,False,below cutoff,"Ingests flight emails, CBP I-94 history, location exports and passport stamps to produce an evidence-backed, officer-proof travel table for naturalization, green-card retention and tax residency."
246,I0290,Settlement Back Office for Farm Water Conservation,collide,Water scarcity: irrigation allocation and new supply,0.764,3,0,0.794,False,below cutoff,"Program administration as a service that enrolls small farms in paid fallowing and conservation programs, verifies acre-feet with satellite evapotranspiration plus meter data, pays within 14 days, and hands the farm's CPA a clean tax packet."
247,I0486,Scam Recovery Desk for Community Banks,idea,Banks and platforms disrupting scam networks and recovering victims' funds,0.777,2,0,0.792,False,below cutoff,"Banks buy scam detection, but the untapped money is recovery: stablecoin issuers, receiving banks and exchanges can freeze funds if someone asks fast and correctly."
248,I0432,Federated Settlement-Benchmark Co-op for Small Firms,idea,"Small litigation practices lacking evidence, records and benchmark tools",0.762,3,0,0.792,False,below cutoff,Small plaintiff firms pool de-identified settlement outcomes from their practice-management systems to get case-value benchmarks that only insurers and big firms have today.
249,I0969,Quality-of-Earnings Audits for Robot Fleets,collide,"Buyers unable to verify vendor, algorithm or AI-safety claims",0.744,4,0,0.789,False,below cutoff,"A finance-native auditor that verifies deployed units, productive hours, teleoperation share and revenue per robot for the lenders, lessors and investors underwriting robot, AV and drone fleets."
250,I0745,Escaped-Burn Liability Cover Verified From Orbit,collide,Cover and data for emerging or neglected risks,0.758,3,0,0.788,False,below cutoff,"Go/no-go data and liability cover for prescribed burn associations, priced from fuel dryness and settled by satellite proof that the fire never left the unit."
251,I1282,Status-Cliff Benefit Sold Through PEOs,persona,Immigrant households and workers: status deadlines and paperwork,0.758,3,0,0.788,False,below cutoff,"A confidential, employer-paid benefit that screens temporary-status workers for alternate immigration relief, tracks work-authorization cliffs, and pre-arranges counsel and family plans before a raid, TPS termination or EAD lapse hits."
252,I0280,EUDR reference-number desk for downstream buyers,signal,Exporters meeting foreign sustainability and representation rules,0.774,4,1,0.786,False,below cutoff,"An inbox-and-validator service that collects, checks and vaults EUDR reference numbers and plot GeoJSON from suppliers, sold to downstream operators and via customs brokers."
253,I1098,Night-Shift Bench Techs for Time-Critical Experiments,persona,"Autonomous and AI-directed labs: infrastructure, safety and access",0.736,4,0,0.781,False,below cutoff,"An agency of vetted, laid-off bench technicians who show up at 2 a.m. or on Christmas morning to harvest time points, feed cells and load overnight runs from the lab's own protocol cards, with photo proof and a break-glass line to the postdoc."
254,I0982,Shelf Zero: Unclaimed Cremains Clearance Service,persona,"Independent funeral homes facing key-person, overnight and consolidation pressure",0.736,4,0,0.781,False,below cutoff,A done-for-you compliance service that legally and respectfully empties the closet of unclaimed ashes that nearly every funeral home and crematory is afraid to touch.
255,I0259,PTO Bureau: Cash Advances Priced on Utility Delay,persona,Cash-flow gaps from slow-paying institutions,0.75,3,0,0.78,False,below cutoff,"A data co-op plus bridge lender that advances the 10-20% held back until utility Permission-to-Operate, and prices each advance from real per-utility delay history."
256,I1239,Made-in-USA Proof Files for Relabeling Brands,idea,"Brands substantiating origin, recycled-content and green claims",0.75,3,0,0.78,False,below cutoff,Audit-ready substantiation files and monitoring for brands rushing to claim 'Made in USA' after tariffs.
257,I0690,Plaintiff-Evidence Pipeline for Kids-Tech Litigation,idea,"Small litigation practices lacking evidence, records and benchmark tools",0.75,3,0,0.78,False,below cutoff,"Software and services that automate platform data requests, device-usage exports and chat-log preservation into court-ready per-plaintiff timelines for firms litigating social media and AI-chatbot harms to minors."
258,I0466,Surge Beds: Pre-Contracted Lodging for Catastrophe Responders,persona,"Heat, fire and evacuation protection for vulnerable people",0.75,3,0,0.78,False,below cutoff,"Sell adjuster firms and storm contractors reserved-bed options on inland RV pads, seasonal parks and closed motels, contracted before landfall at prices that stay legal after an emergency declaration."
259,I1243,Shared-Docket Lawsuits Against Scam Infrastructure,idea,Banks and platforms disrupting scam networks and recovering victims' funds,0.764,2,0,0.779,False,below cutoff,Turn Google's and Microsoft's civil-seizure playbook into a membership where 20-50 mid-size banks and brands co-file one John Doe action against the kit or ring impersonating all of them.
260,I0748,Design-for-Duty: Engineer Below the 15% Metal Line,idea,"Tariff cost, classification and customs for small importers",0.764,2,0,0.779,False,below cutoff,A CAD/BOM tool that redesigns imported products to fall under Section 232's metal-weight cliffs or qualify for the 10% US-melt rate.
261,I1329,Insider-Trading Watchdog for Entertainment Announcements,idea,"Investors, lenders and venues wanting real-economy ground truth",0.719,5,0,0.779,False,below cutoff,"Sportradar-style integrity monitoring for game publishers, studios and awards bodies whose announcements and results now trade as prediction-market contracts."
262,I0857,Pay the Grandmother: Relative-Care Subsidy Enrollment,idea,"Childcare shortage: providers, buildings and employer funding",0.748,3,0,0.778,False,below cutoff,"A multilingual concierge plus verified-attendance software that turns unpaid grandparents and relatives into subsidy-paid, health-and-safety-cleared caregivers, billed per enrollment to states and referral agencies."
263,I0626,Search-Fund Accelerator for Buying Scrap Yards,collide,Trade-shop succession and buyouts,0.732,4,0,0.777,True,convergence add,"A cohort program that turns laid-off mid-career managers into owner-operators of small scrap yards, e-scrap shops and transfer stations. It brings deal sourcing, environmental diligence and SBA-lender access."
264,I0844,Supervised-Hours Bench for Counselors and Social Workers,idea,Behavioral health and addiction care capacity,0.732,4,0,0.777,True,convergence add,"A managed group-supervision network and hour-logging platform that lets clinics fund the thousands of post-degree supervised hours gating counseling, MFT and social-work licenses."
265,I0742,Weather Forecasts for GPS Jamming,wild,"Aircraft and drone operators: maintenance, parts, permits and navigation",0.731,4,0,0.776,False,below cutoff,"A crowd-sensed, forecastable map of GNSS jamming and spoofing for the civil operators nobody warns: survey and RTK fleets, drone operators and marine underwriters."
266,I0707,Independent Battery Safety Review for Counties,idea,Getting power for large loads and storage,0.731,4,0,0.776,False,below cutoff,"Sell counties and fire marshals a developer-funded third-party plan review, hazard analysis and first-responder plan for every battery project."
267,I0804,Proctored Truth Audits for School Edtech,idea,"Buyers unable to verify vendor, algorithm or AI-safety claims",0.731,4,0,0.776,False,below cutoff,"Short, paper-based, device-free probes that tell districts whether the practice software they license teaches anything, now that AI can do the practice for the child."
268,I1188,Roll Up the Layer Under Funeral Homes,wild,"Independent funeral homes facing key-person, overnight and consolidation pressure",0.764,4,1,0.776,False,below cutoff,"Instead of buying funeral homes, buy the removal services and wholesale crematories that independent homes depend on, and run them with AI dispatch, chain-of-custody and paperwork agents."
269,I0460,Verbal-Promise Ledger for Mine Community Relations,persona,Singular / uncategorized,0.771,1,0,0.771,False,below cutoff,"A voice-first, offline-capable phone tool that turns every promise a mine makes at community assemblies (Spanish, Quechua, Aymara) into a tracked commitment register the community can verify by WhatsApp."
270,I1331,Dumpster-Drop Leads for the Next Trade,collide,Small trade and service firms underpricing and leaking margin,0.708,5,0,0.768,False,below cutoff,"A white-label booking flow for independent roll-off dumpster companies that sells the homeowner's renovation start as an exclusive, unshared lead to the next trade in sequence."
271,I0863,Remote Load Calcs That Avoid Panel Upgrades,idea,"Households upgrading homes: electrification, roofs and solar loans",0.722,4,0,0.767,True,convergence add,"A photo-and-utility-bill service that proves an existing electrical panel can take a heat pump or EV charger, with load-management devices when it cannot."
272,I1244,EU Liable-Party-of-Record for AI Products,wild,EU digital product laws for small connected-device makers,0.722,4,0,0.767,False,below cutoff,The registered agent of the AI era: an insured EU entity that stands as authorised representative under the new Product Liability Directive and keeps clients' evidence court-ready.
273,I0378,"Family Bank: Bank of Mom and Dad, Papered",wild,Making family estate plans fair and contest-proof,0.722,4,0,0.767,True,convergence add,"A family office's real job is governance and records, not investing; for $20/mo, give ordinary parents and adult children a promissory-note, autopay and sibling-fairness ledger for the money that already flows between them."
274,I0516,Insurability Passport Attached to California Home Listings,signal,Homeowners and communities losing property insurance in high-risk areas,0.736,3,0,0.766,False,below cutoff,"A pre-listing report that verifies wildfire mitigation and attaches bindable insurance options (FAIR Plan plus wraparound, admitted where available) to the listing, so buyers see the real insured cost before they make an offer."
275,I0377,Workup Cover: Insurance for Scan Findings,wild,Follow-up gaps and anxiety after consumer scans and mega-panels,0.736,3,0,0.766,False,below cutoff,"A prepaid guarantee sold at checkout for $800-$1,000 whole-body MRIs and $949 cancer blood tests that covers the second read, the guideline triage and pre-priced follow-up when a scan finds something."
276,I0350,Human Callback Line Sold Through Credit Unions,wild,Seniors targeted by impersonation scams and the institutions that bear the losses,0.719,4,0,0.764,True,convergence add,"A staffed 'is this really my grandson?' phone line and call-screening kit for members over 70, paid for per enrolled member by community credit unions whose deposits walk out the door in voice-clone scams."
277,I0580,Tariff Refund Liquidation-Cliff Radar,signal,Recovering IEEPA tariff refunds and surcharges,0.736,5,1,0.763,False,below cutoff,"A deadline tracker and filing generator for small importers and small customs brokers that tells them, entry by entry, which refund route is still open and when it closes."
278,I0867,Chaos Testing for Buildings as Code-Required Commissioning,wild,Condition monitoring for asset owners and their service contractors,0.731,3,0,0.761,False,below cutoff,"An agent that safely actuates a building's HVAC at night, forcing dampers, valves and pumps through scripted step tests, to produce the functional-test evidence that codes require and passive analytics cannot."
279,I1157,Percentage-Rent Rails for Small Retail Strips,wild,"Landlords in soft markets: vouchers, evictions, vacancies and retention",0.701,5,0,0.761,False,below cutoff,"Sales-linked leases with rent automatically swept from the tenant's POS, so independent landlords can fill dark restaurant and shop spaces and tenants stop dying under fixed rent."
280,I0438,Human Viva Examiners for AI-Wary Universities,collide,"Verifying real human skill, identity and authorship in hiring and education",0.731,3,0,0.761,False,below cutoff,"A per-student oral-defense service where trained examiners in Nairobi, Manila and Chennai run 12-minute recorded vivas on submitted essays and code, giving US professors human-verified authorship evidence for about $10 a student."
281,I0375,TurkBridge: MTurk-Compatible Verified-Human Marketplace,signal,Gatekeepers drowning in AI-generated submissions and bot responses,0.712,4,0,0.757,False,below cutoff,"An MTurk requester-API-compatible endpoint backed by an identity-verified, proof-of-human worker pool, launched as Amazon Mechanical Turk closes on 30 Sept 2026."
282,I0980,Proof-of-Review Receipts for AI-Using Professionals,idea,"Proving AI controls and human review to insurers, auditors and clients",0.694,5,0,0.754,False,below cutoff,"A tamper-evident record that a named, licensed human actually reviewed AI output, backed by planted-error vigilance tests, sold to firms and their malpractice carriers."
283,I0382,Cure Desk: Medical-Bill Triage for Delinquent Tenants,collide,"Landlords in soft markets: vouchers, evictions, vacancies and retention",0.694,5,0,0.754,False,below cutoff,"A landlord-paid service that turns a late-rent notice into a medical-bill rescue, using hospital charity care, bill negotiation and coverage re-enrollment to free up the cash that pays the rent."
284,I1195,Blinded Diligence Bureau for AI-Biotech Financiers,idea,Biotech capital: diligence and salvage,0.708,4,0,0.753,False,below cutoff,"A buyer-paid, blinded prospective testing service that tells pharma BD teams, royalty funds and lenders whether an AI drug-discovery platform's claims hold up in a neutral wet lab."
285,I0403,License-in-a-Box for Insourcing Property Owners,idea,"Landlords in soft markets: vouchers, evictions, vacancies and retention",0.693,5,0,0.753,False,below cutoff,"A licensed managing-broker entity, trust-account oversight and compliance layer that lets owners run AI-native property management in-house without building licensing state by state."
286,I0356,DKIM for Bank Accounts: Signed Payee Records,idea,Small firms and property managers defending against fraud and impersonation,0.708,4,0,0.753,False,below cutoff,"A free, domain-verified payment record that suppliers publish, plus an AP plug-in that blocks any bank-detail change the supplier's own domain has not signed."
287,I0659,Verifier-Ready Emissions Data Rooms for CBAM Exporters,idea,Exporters meeting foreign sustainability and representation rules,0.708,4,0,0.753,False,below cutoff,"A metering-to-evidence pipeline that gives small non-EU steel, aluminum and fertilizer producers a clean, pre-audited data room for accredited verifiers, so their EU and UK buyers stop defaulting to punitive default values."
288,I0994,Government Property Control Kit for New Defense Makers,persona,New defense and drone suppliers: compliance and financing hurdles,0.708,4,0,0.753,False,below cutoff,"A fixed-price property-system-in-a-box (tags, procedures, mock audit, reconciliation) that keeps first-time defense manufacturers from failing their government property audit and having payments withheld."
289,I0593,Pre-Permitted School Suites for Micro-Schools,collide,"Microschools, homeschoolers and shrinking districts",0.708,4,0,0.753,False,below cutoff,"Master-lease vacant office and retail suites, pre-solve the change-of-use to educational occupancy, and rent furnished seats by the student to micro-school operators funded by education savings accounts."
290,I0483,Texted Pond-Algae and Forage-Poison Alerts for Ranchers,persona,"Farm and ranch risks: disease, cash, storage and machinery",0.708,4,0,0.753,False,below cutoff,"Satellite imagery plus weather models watch every stock pond and frost-stressed sorghum field for the handful of killers that wipe out cattle in hours, then text the rancher and route the case to the vet."
291,I0363,The Recorder's Rulebook: Avalara for the Recording Counter,persona,"Home closings, condo boards and HOAs tangled in title and records rules",0.708,4,0,0.753,False,below cutoff,"A verified, machine-readable rulebook and fee oracle for every recording jurisdiction, with a preflight checker that tells you a document will be rejected before you send it."
292,I1310,Pre-Cut Electrical Kits Per House Plan,idea,"Small builders' crew coordination, permits and speed",0.708,4,0,0.753,False,below cutoff,"A regional kitting shop ships each production home's wiring as pre-cut, labeled, bundled kits so a helper pulls and a journeyman only terminates and inspects."
293,I0116,Audit-Proof Records for CDL Training Schools,wild,Colleges and training programs under new federal loan caps and earnings tests,0.708,4,0,0.753,False,below cutoff,"A compliance layer that captures entry-level driver training records as training happens, so legitimate CDL school owners survive FMCSA registry purges and audits."
294,I0126,The 40 Days: Postpartum Confinement Caregiver Guild,wild,"Diaspora families managing death, care and property across borders",0.708,4,0,0.753,False,below cutoff,"A trained, insured, tradition-certified caregiver guild delivering the 26 to 42 day postpartum confinement (yuesao, sanhujori, cuarentena) to diaspora families whose grandmothers are far away."
295,I1269,White-Label Camera Forensics for Cities and Schools,collide,"City and county governments: thin staff, grants and vendor oversight",0.722,3,0,0.752,False,below cutoff,"Scan municipal and school camera, recorder and IoT fleets to unmask white-labeled hardware with covered Hikvision or Dahua internals and produce grant-ready compliance attestations and phased replacement plans."
296,I0131,Insurability Index and Tax-Base Hedge for Towns,idea,Homeowners and communities losing property insurance in high-risk areas,0.722,3,0,0.752,False,below cutoff,"Measure insurance withdrawal town by town, then hedge municipal property-tax bases against it."
297,I0809,Peptide Assurance Mark for Clinics and Processors,idea,Recovery-studio and peptide businesses needing safety evidence and insurability,0.736,2,0,0.751,False,below cutoff,Independent lot testing and supplier audit with a QR-verifiable mark that lets peptide sellers pass payment-processor and insurer underwriting.
298,I0433,Pay-on-Pass: Inspections Trigger Sub Payments,idea,"Small builders' crew coordination, permits and speed",0.705,4,0,0.75,False,below cutoff,"Same-day payment to framers and foundation crews the moment the city inspection clears, financed against the builder's draw."
299,I1145,The Neutral Verdict on Dad's Driving,wild,Adult children managing aging parents from afar,0.72,3,0,0.75,False,below cutoff,"An independent on-road evaluation of an aging parent's driving that gives adult children a credentialed Green, Yellow or Red verdict, plus a graduated plan so nobody has to be the villain about the keys."
300,I0625,Pull-the-Plug Testing for Hospitals and Water Plants,persona,Getting power for large loads and storage,0.705,4,0,0.75,False,below cutoff,"Bring data center-grade full-facility blackout testing to hospitals, water utilities and other critical facilities that never actually pull the plug, and help them source scarce backup gear the AI build-out has hoarded."
301,I0927,Polling-Agent Payroll With Proof-of-Presence Release,persona,Informal finance and payment frictions in emerging markets,0.702,4,0,0.747,False,below cutoff,"Pay each party or observer polling-unit agent directly, releasing money only after a geo-fenced arrival selfie and a result-sheet photo, so nothing gets skimmed on the way down."
302,I0761,Certification-Ready OS for Sober Living Operators,wild,Behavioral health and addiction care capacity,0.702,4,0,0.747,False,below cutoff,"Software and audit-readiness for independent recovery residences, so the good operators become visible, certified and eligible for opioid-settlement and referral funding."
303,I0666,Independent Conformance Bench for CMS-0057-F APIs,wild,Health-tech and device makers needing regulatory-grade validation evidence,0.717,3,0,0.747,False,below cutoff,A testing-and-attestation service that runs the open-source Inferno and Da Vinci test kits against a health plan's real FHIR APIs and produces the evidence pack its compliance officer needs before January 2027.
304,I0937,AI-Use Attestation to Keep SMB Liability Cover,idea,"Proving AI controls and human review to insurers, auditors and clients",0.72,5,1,0.746,False,below cutoff,"As liability policies exclude generative AI, small firms need underwriter-ready proof of AI controls to win affirmative cover, and independent agencies need a renewal ritual that keeps them relevant."
305,I0793,Verified Gig Work History via Data-Access Rights,wild,"Gig, tipped and cash workers unable to prove income",0.7,4,0,0.745,False,below cutoff,"Use statutory data-access requests as an API to pull couriers' and drivers' records from platforms, and issue a verified work-history credential they can carry to landlords, lenders and rival platforms."
306,I1288,Contingency-Fee 45F Childcare Tax Credit Shop,idea,"Childcare shortage: providers, buildings and employer funding",0.715,3,0,0.745,False,below cutoff,"An R&D-credit-style boutique that finds, structures and files the newly expanded employer childcare credit (40%, or 50% for small businesses, capped at $500k/$600k) for firms already spending on childcare."
307,I0310,Neutral Legacy Animal-Data Vault for NAM Validation,idea,Health-tech and device makers needing regulatory-grade validation evidence,0.712,3,0,0.742,False,below cutoff,A neutral data trust that turns pharma's shelved animal-study results into blinded concordance benchmarks organoid and organ-chip makers use to prove their methods are 'adequately validated.'
308,I0069,Driver-Sourced Dock Queue Index for Funds,persona,"Investors, lenders and venues wanting real-economy ground truth",0.681,5,0,0.741,False,below cutoff,"Pay verified truckers to report what they see at plants, ports and distribution centers, and sell the resulting real-economy index to funds, credit analysts and site-selection teams."
309,I1321,Vacant Inherited-Home Insurance and Caretaking,idea,"Houses caught in death, divorce or care transitions",0.681,5,0,0.741,False,below cutoff,A bundled insurance-plus-sensors-plus-caretaker program for the house that sits empty during probate.
310,I0917,Smell Graders for Recycled Plastic,wild,"Recycling quality, distressed capacity and battery/EPR compliance",0.681,5,0,0.741,False,below cutoff,"A network of trained human noses that gives every batch of post-consumer recycled plastic an odor grade from 1 to 5, creating the price tier and spec that brands need to hit recycled-content mandates."
311,I0275,Critical-Error Benchmark for Legal Transcription AI,persona,"Buyers unable to verify vendor, algorithm or AI-safety claims",0.694,4,0,0.739,False,below cutoff,"An independent, reporter-built test suite that scores transcription AI on the errors that lose cases, such as dropped negatives, swapped numbers, wrong speaker and uh-huh versus huh-uh. Court and law-firm buyers pay for procurement reports, and vendors pay for certification."
312,I0501,Scam-Spell Breakers: Human Callbacks for Seniors,wild,Seniors targeted by impersonation scams and the institutions that bear the losses,0.694,4,0,0.739,False,below cutoff,"A human 'callback' service in which ex-call-center agents are trained to talk older customers out of scams, sold to credit unions and community banks as a per-member protection benefit."
313,I0862,Reliance Ratings for SOC 2 Reports and Auditors,idea,"Buyers unable to verify vendor, algorithm or AI-safety claims",0.694,4,0,0.739,False,below cutoff,"A buyer-paid forensic desk that tells vendor-risk teams how far to trust a given SOC 2 or ISO report, and the audit firm that signed it."
314,I0647,L-Band Radar Watchdog for Small Levee Districts,wild,Novel environmental and infrastructure data from satellites and crowd-sensing,0.694,4,0,0.739,False,below cutoff,"Turn free NISAR L-band radar into monthly, engineer-stamped settlement and seepage alerts for the small local districts that own most of America's levees."
315,I0107,Beneficiary-Funded Dynamic Line Ratings,idea,Getting power for large loads and storage,0.694,4,0,0.739,False,below cutoff,Skip the utility's missing incentive: let the data center or generator that needs capacity pay for dynamic line ratings and take a slice of the capacity released.
316,I1066,Dementia Desk: Ex-Aide Call Center for Banks,persona,Seniors targeted by impersonation scams and the institutions that bear the losses,0.694,4,0,0.739,False,below cutoff,"A remote call-center pod staffed by former dementia aides, taking the confused, repeat and possibly scammed callers that credit unions and utilities cannot handle."
317,I1224,Mod-Approved Human Panels for Rare Audiences,persona,Gatekeepers drowning in AI-generated submissions and bot responses,0.694,4,0,0.739,False,below cutoff,"A research-recruitment service that turns Reddit's hardest-to-reach niche communities into bot-proof, mod-approved survey panels, with participants paid directly and the community getting the results back."
318,I0074,Lot Vault: Reagent Warranty Claims and Lot Registry,persona,Warranty claims left unfiled,0.708,3,0,0.738,False,below cutoff,"A photo-the-label app that files unclaimed reagent-guarantee refunds for labs, quietly builds the only lot-level reagent performance database, and then group-buys locked good lots for small labs."
319,I0645,Lead-Refund Recovery for Home-Service Pros,idea,Small trade and service firms underpricing and leaking margin,0.678,5,0,0.738,False,below cutoff,"Auto-dispute junk paid leads from Google Local Services, Angi, Thumbtack and Yelp, and take a share of the credits recovered."
320,I0934,Modern Lodges for Fraternal Insurers,wild,Loneliness and purpose: belonging programs for isolated adults and elders,0.708,3,0,0.738,False,below cutoff,"A Lodge-as-a-Service company that builds young-adult chapters for existing fraternal benefit societies, pairing initiation ritual and mutual aid with their insurance licence."
321,I0815,Assisted Short Sales for Underwater Auto Loans,idea,Consumer lenders' compliance and loss pressures,0.707,3,0,0.737,False,below cutoff,Record auto originations lead to record delinquencies and a repossession glut. Give lenders a mortgage-style short sale for cars that recovers more than auction does.
322,I0088,Landlord Loan Radar for Office Tenants,idea,Small commercial tenants and renters facing landlord leverage,0.707,3,0,0.737,False,below cutoff,Monitoring and lease-audit software that warns small office tenants when their landlord's loan is heading for trouble and recovers overbilled operating expenses.
323,I0456,Fractional Licensed Qualifier for Trade-Business Buyers,signal,Trade-shop succession and buyouts,0.69,4,0,0.735,False,below cutoff,"Rent a vetted master-licensed professional as the bona fide qualifying officer, so first-time buyers of HVAC, plumbing, electrical and engineering firms can get financed and keep the license alive after the seller leaves."
324,I0787,Hidden Satellite Tags Against Fictitious Pickups,collide,"Freight brokers, carriers and shippers: fraud, liability and disputes",0.704,3,0,0.734,False,below cutoff,"A cargo custody kit that pairs a verified-carrier check at pickup with several disposable Bluetooth-to-satellite tags hidden in each load, giving brokers and insurers evidence of where freight went when it was stolen."
325,I0475,Reefer Claim Vault for Small Carriers,persona,"Freight brokers, carriers and shippers: fraud, liability and disputes",0.704,3,0,0.734,False,below cutoff,"An always-on evidence recorder that captures the proof that decides cargo claims, giving small carriers and their cargo insurers a one-click defense packet."
326,I0557,Certified SDE for Sub-$1M Business Sales,idea,Trade-shop succession and buyouts,0.688,4,0,0.733,False,below cutoff,"A CPA-signed, AI-prepared earnings certificate that lets brokers, buyers and SBA lenders trust a small business's seller's discretionary earnings."
327,I0342,Collateral Condition Reports for Farm Equipment,idea,Lenders and investors unable to verify collateral exists,0.681,4,0,0.726,False,below cutoff,Use newly opened Deere diagnostics to certify used-equipment condition for lenders and auctioneers handling a farm-distress wave.
328,I0015,Orphan Bin Network: Leased Farm Storage Capacity,persona,"Farm and ranch risks: disease, cash, storage and machinery",0.681,4,0,0.726,False,below cutoff,"Lease the thousands of idle grain bins left on consolidated and inherited farmsteads, retrofit them with cheap sensors, and run them as licensed satellite storage for co-ops."
329,I0271,Workforce Pell Approval-as-a-Service,idea,Colleges and training programs under new federal loan caps and earnings tests,0.681,4,0,0.726,False,below cutoff,"A fixed-fee desk that turns a college's short-program idea into an approved Workforce Pell application with employer-demand evidence, outcomes math and state sign-off."
330,I1256,Bonded Claims: Bug Bounties for Product Labels,idea,"Buyers unable to verify vendor, algorithm or AI-safety claims",0.681,4,0,0.726,False,below cutoff,"Brands post a forfeitable bond behind a testable label claim, and anyone can buy the product, get it lab-tested and collect the bond if the claim is false."
331,I0137,Capacity-Attested Wishes Recordings for Estate Attorneys,collide,Making family estate plans fair and contest-proof,0.681,4,0,0.726,False,below cutoff,"Elder-law attorneys add a clinician-scored capacity note and a hash-sealed, attorney-controlled recording of the client's stated wishes to every will or trust signing, so heirs cannot wave the evidence away as a deepfake or as undue influence."
332,I0091,Recertified Used Transformer Exchange,idea,Getting power for large loads and storage,0.681,4,0,0.726,False,below cutoff,"A test-and-warranty marketplace that turns utility-retired transformers into energizable supply for data centers, solar and storage projects, instead of scrap."
333,I0547,Transition Sponsor Radar for Strategic Breakthrough Awards,signal,New defense and drone suppliers: compliance and financing hurdles,0.681,4,0,0.726,False,below cutoff,"A subscription and dossier service that maps each SBIR Phase II technology to the specific budget line, program office and person who could commit to a Program Objective Memorandum (POM), which the new $30M Strategic Breakthrough awards require."
334,I0436,Ex-Botter Red Team for Limited Drops,persona,Resellers and liquidators of surplus and fandom goods,0.694,3,0,0.724,False,below cutoff,"Pay former sneaker-bot users to attack your product drop before launch, then rent you the checkout filter that stops what they found."
335,I0148,"IEP-Ready Adaptive Hardware, Printed to Order",wild,"K-12 districts' legal service duties: IEPs, attendance, nutrition and Title I",0.694,3,0,0.724,False,below cutoff,"A micro-manufacturer that acts as the approved vendor for special-education adaptive hardware, starting with custom AAC keyguards for tablets and expanding to OT-prescribed grips, switch mounts and positioning aids."
336,I0076,Grid-Paid Spiffs for Water Heater Installers,persona,"Households upgrading homes: electrification, roofs and solar loans",0.679,4,0,0.724,False,below cutoff,"Make the plumber on the emergency water-heater call the distribution channel for heat pump water heaters and grid demand-response programs, with a same-day rebate stack, an electrician handoff and a per-device bounty paid to the tech."
337,I0814,Compliance Co-op for Group-Buy Hobby Hardware,collide,EU digital product laws for small connected-device makers,0.679,4,0,0.724,False,below cutoff,"A pooled EU compliance desk (CRA incident reporting, EU responsible person, battery/e-waste registrations, SBOM monitoring) that lets one-person keyboard, FPV, synth and LoRa hardware makers keep selling to Europe."
338,I1290,Certified Scrap Kill for Aircraft Parts,persona,"Aircraft and drone operators: maintenance, parts, permits and navigation",0.678,4,0,0.723,False,below cutoff,"A mobile crew and app that destroys, photographs and certifies scrapped aircraft parts so they can never resurface as fake 'serviceable' parts, and sells the segregated metal."
339,I0758,PFAS Land-Application History Reports for Farmland,signal,"PFAS exposure, testing and disposal",0.708,2,0,0.723,False,below cutoff,"A 'Phase I environmental site assessment' for PFAS on farmland, built from biosolids land-application records and upstream discharger data, sold to lenders, farmland funds and appraisers before the sensors exist."
340,I1254,Cash-Flow Lifeline for K-12 Service Vendors,persona,Cash-flow gaps from slow-paying institutions,0.692,3,0,0.722,False,below cutoff,"Same-week invoice funding for small vendors who serve schools (after-school, tutoring, therapy, van companies), priced using each district's known payment calendar, with a service-continuity guarantee for principals."
341,I0452,Night Ledger: Sleep Evidence for Live-In Aides,persona,"Home and residential care: labor supply, family caregivers and small-scale models",0.677,4,0,0.722,False,below cutoff,"A camera-free $35 bedroom-door sensor kit that logs every night-time awakening of a dementia patient, giving live-in agencies court-grade proof of sleep or interruption, and a case for the second aide."
342,I0569,Notary Network for Human-Verified Hiring,wild,"Verifying real human skill, identity and authorship in hiring and education",0.691,3,0,0.721,False,below cutoff,Bonded local human witnesses (mostly mobile notaries and loan-signing agents) sit with a job candidate for a phone-free live work sample and sign an attestation the employer can rely on.
343,I1081,Battery Passport Onboarding for E-Bike and Storage Makers,idea,"Recycling quality, distressed capacity and battery/EPR compliance",0.661,5,0,0.721,False,below cutoff,"Done-for-you EU battery passport, QR labelling and supplier data collection for makers of e-bikes, scooters and industrial or stationary batteries facing the 18 Feb 2027 date."
344,I1309,Open-Banking Rails for EU Connected Products,wild,EU digital product laws for small connected-device makers,0.707,4,1,0.718,False,below cutoff,"A consent-and-access hub that lets manufacturers meet the EU Data Act's access-by-design duty and lets owners route product data to repairers, insurers and energy optimizers through one integration."
345,I0765,Local-Law Radar for Data Center and Battery Developers,idea,"Localities, utilities and landowners facing speculative data-center demand",0.722,5,2,0.716,False,cliché (2+ judges),"A system that continuously reads city and county codes, planning agendas and minutes nationwide and warns developers which jurisdictions are drafting moratoria or new setback, noise and fire-safety rules before they pass."
346,I0795,Contingency Collection for Small-Claims Winners,signal,"Unclaimed money: settlements, refunds, penalties and unpaid invoices",0.653,5,0,0.713,False,below cutoff,"Post-judgment enforcement for the $500-$10k creditor who won in court but cannot collect: skip-trace, levy and garnishment paperwork done for a percentage."
347,I1016,Listing Bodyguard: Scam-Listing Takedown for Property Managers,persona,Small firms and property managers defending against fraud and impersonation,0.667,4,0,0.712,False,below cutoff,"Continuously scans the web for scam copies of a property manager's listings and takes them down, and gives real prospects a fast way to verify that a listing is legitimate."
348,I0985,Dealer-Fee Decoder for Solar and Home Loans,persona,"Households upgrading homes: electrification, roofs and solar loans",0.667,4,0,0.712,False,below cutoff,"Use the auto F&I trick of hiding the buy-down in the price to expose the hidden 'dealer fee' inside 0% and low-rate solar, HVAC and roofing loans, then sell the evidence to consumer lawyers and the refinance to credit unions."
349,I0046,Fill the Empty EU Wallet: Payroll Attestations,wild,"Gig, tipped and cash workers unable to prove income",0.667,4,0,0.712,False,below cutoff,"Issue consented, selectively disclosed employment-and-income attestations from payroll systems into EU Digital Identity Wallets, sold per verification to rental platforms, lenders and landlords fighting AI-forged payslips."
350,I0159,Advance Hotels Their Stuck OTA Payouts,idea,Cash-flow gaps from slow-paying institutions,0.681,3,0,0.711,False,below cutoff,"A neutral lender advances 90-95% of completed-stay OTA payouts on checkout day for a flat 1.5-2% fee, so independent hotels stop financing the OTAs."
351,I0005,Evacuation Lift Registry Ending Double-Booked Buses,persona,"Heat, fire and evacuation protection for vulnerable people",0.681,3,0,0.711,False,below cutoff,"A neutral county-level registry that guarantees each ambulance, wheelchair van and bus seat is promised to only one nursing home per storm, paid for by facilities and by carriers who finally get standby retainers."
352,I0064,Fake-Support Scam Takedown for Fintechs,persona,Small firms and property managers defending against fraud and impersonation,0.665,4,0,0.71,False,below cutoff,"A monitoring and takedown service that finds scammers posing as your customer support in public help threads, clusters them by phone, WhatsApp and Telegram identifiers, and kills them fast with regulator-ready evidence files."
353,I1055,Death Certificate Sign-Off Copilot for Hospices,persona,"Hospice, dying and the first weeks of bereavement",0.694,2,0,0.709,False,below cutoff,"Get physicians to complete valid cause-of-death certifications in hours instead of days, sold to the hospices and care groups that get blamed for the delay, with funeral homes as the free wedge."
354,I0181,Tariff Forward Curve for Section 232 Lists,idea,"Tariff cost, classification and customs for small importers",0.694,2,0,0.709,False,below cutoff,"A probability feed for which HTS codes join the next Section 232 lists, with parametric hedges to follow."
355,I0738,Scam-Baiting AI Fleet Selling Mule Intel,idea,Banks and platforms disrupting scam networks and recovering victims' funds,0.694,2,0,0.709,False,below cutoff,"Thousands of realistic AI victims answer scammers' calls and chats around the clock, extract the accounts and wallets they are told to pay, and hand them to the holding institutions before real victims do."
356,I0332,Belonging Pods to Cut Home-Care Aide Turnover,idea,"Home and residential care: labor supply, family caregivers and small-scale models",0.664,4,0,0.709,False,below cutoff,"Weekly peer pods and buddy mentors for isolated home-care aides, sold to agencies as a turnover-reduction service priced per retained aide."
357,I0881,72-Hour Diligence Engine for Vet Clinic Acquirers,idea,"Investors, lenders and venues wanting real-economy ground truth",0.648,5,0,0.708,False,below cutoff,"Upload a PIMS export and P&L and get retention cohorts, price-versus-volume decomposition and doctor-dependence risk in three days, then keep the same schema as the post-close KPI dashboard."
358,I0508,"Retiring Masters' Exit Interviews, Funded by Employers and AI Labs",wild,Real-world skill and object data for robot and industrial-AI builders,0.676,3,0,0.706,False,below cutoff,"Capture the last generation of unrecorded tradespeople as expert playbooks for their employer and consented, royalty-bearing training data for robotics and industrial-AI labs."
359,I0696,Fixed-Price MDR Clinical Evaluation Reports via ASReview,wild,Health-tech and device makers needing regulatory-grade validation evidence,0.674,3,0,0.704,False,below cutoff,A tech-enabled service that uses the open-source ASReview active-learning screener plus medical writers to deliver audit-ready literature-based Clinical Evaluation Reports at a fraction of consultant prices.
360,I0567,Second-Look Verification for Imagery-Based Nonrenewals,idea,Homeowners and communities losing property insurance in high-risk areas,0.671,3,0,0.701,False,below cutoff,"A $50-80, 48-hour human check between an aerial-imagery flag and a nonrenewal, sold to carriers' compliance teams."
361,I0183,Lifetime Income Leases for Retiring Farmers' Water,collide,Water scarcity: irrigation allocation and new supply,0.669,3,0,0.699,False,below cutoff,"A 'water pension' that turns a retiring farm couple's senior Colorado River water right into guaranteed, inheritable lifetime income via a long-term forbearance lease, satellite-verified and sold as verified acre-feet to cities and corporates."
362,I1149,Point-in-Time Certification for Alternative Data Vendors,persona,"Investors, lenders and venues wanting real-economy ground truth",0.639,5,0,0.699,False,below cutoff,"A vendor-paid, buyer-trusted forensic test that a dataset's history is genuinely point-in-time, extended to certify that an LLM-driven signal isn't leaking hindsight, plus a cheap timestamp 'witness' service."
363,I0147,Sewage Nielsen: Wastewater Consumption Index,wild,"Investors, lenders and venues wanting real-economy ground truth",0.639,5,0,0.699,False,below cutoff,"Weekly per-capita consumption of alcohol, nicotine, cannabis and caffeine, measured from metabolites in city wastewater and sold to alt-data funds and regulators as a Nielsen for vices."
364,I1041,Night Shift Tox Bulletin for Opioid Settlement Counties,persona,Behavioral health and addiction care capacity,0.653,4,0,0.698,False,below cutoff,"A no-patient-data network where rural ER nurses text in what they are seeing, turned into weekly local drug-supply alerts sold to counties spending opioid settlement money."
365,I0510,Orphan Fleet Depot for Bankrupt-Maker Electric Buses,persona,Customers stranded when a product's maker disappears,0.653,4,0,0.698,True,convergence add,"Sustainment-as-a-service for school districts and transit agencies stuck with electric buses whose manufacturer went bankrupt, using the military's orphan-platform playbook (salvaged parts pool, configuration control, depot repair, availability guarantees)."
366,I0682,Narrow Networks and Reference Pricing for Pet Insurers,idea,Pet owners and insurers squeezed by rising vet bills,0.653,4,0,0.698,False,below cutoff,Pet insurers reimburse whatever clinics invoice while losing about 10 points a year to price/mix inflation; build the pet-insurance 'PPO' from affordable-care clinics whose invoices run about 44% lower.
367,I0238,Inverter-Telemetry Credit Bureau for African Solar,collide,Informal finance and payment frictions in emerging markets,0.653,4,0,0.698,False,below cutoff,"Turn the cloud data that hybrid inverters and batteries already stream into a consented energy cash-flow score, so lenders, insurers and installers can finance an asset boom that official statistics cannot see."
368,I1234,Outside-Processing Milk Run for Job Shops,idea,US machine shops and reshoring manufacturers,0.653,4,0,0.698,False,below cutoff,"Scheduled pickup routes and batching software for the heat-treat, plating and anodize bottleneck behind reshored machining."
369,I0839,Hospice for Dying Congregations,wild,Shrinking institutions with idle buildings,0.667,3,0,0.697,False,below cutoff,"A managed 'final season' service for congregations that are closing, covering the closing liturgy, an oral-history archive, member placement and a community-first sale of the building."
370,I0086,Model-of-Origin Forensics for AI Music Catalogs,idea,Defensible authenticity evidence for disputed digital media,0.667,3,0,0.697,False,below cutoff,"Attribute a track to the generator and version that made it, so catalog owners and litigators can separate legacy unlicensed-model output from the rest."
371,I0840,Permit-as-Firmware Groundwater Pump Governor,wild,Water scarcity: irrigation allocation and new supply,0.667,3,0,0.697,False,below cutoff,A smart pump controller that hard-enforces a farmer's groundwater allocation and lets an agent trade unused acre-feet with neighbors before the pump ever exceeds its limit.
372,I0792,Waiver-Funded Home Modification Back Office and Factoring,idea,Cash-flow gaps from slow-paying institutions,0.667,3,0,0.697,False,below cutoff,Handle the prior-authorization paperwork and advance payment for small contractors who do ramps and bathroom retrofits funded by Medicaid waivers and VA grants.
373,I1168,Heat-Number Vault for Water-Project Compliance,collide,"Brands substantiating origin, recycled-content and green claims",0.667,3,0,0.697,False,below cutoff,"A registry that matches mill test reports to heat numbers for every pipe, valve and hydrant, producing audit-ready domestic-origin binders for SRF water projects and tariff-tier evidence for importers."
374,I0807,Orphaned Job and Membership Rescue Desk,signal,Private-equity roll-up aftermath,0.681,2,0,0.696,False,below cutoff,"When a PE roll-up of contractors collapses, package its unfinished jobs, prepaid maintenance memberships and warranties and hand them to healthy local contractors, while lenders and trustees get paid for the recovery."
375,I0587,Universal Robot Cone: Vendor-Neutral Keep-Out Zones,wild,Deploying robots in the real world,0.681,2,0,0.696,False,below cutoff,"One tap, or one cheap beacon dropped on the floor, creates a temporary no-go zone that every robot brand in the building obeys, with a log to prove it."
376,I0052,Claims Desk for Government-Paid Childcare,idea,Cash-flow gaps from slow-paying institutions,0.665,3,0,0.695,False,below cutoff,A medical-billing-style revenue-cycle service that turns small providers' attendance sheets into clean subsidy and universal-program claims and advances the cash within 48 hours.
377,I0864,Forensic Chat-Log Analysis for AI-Harm Lawsuits,idea,"Small litigation practices lacking evidence, records and benchmark tools",0.665,3,0,0.695,False,below cutoff,"A court-defensible method and service that turns exported chatbot transcripts into escalation timelines, sycophancy evidence and missed-crisis reports for plaintiffs, defense counsel and regulators."
378,I0902,Layoff Early-Warning for Credit Unions,idea,"Employers restructuring for AI: layoffs, severance and displaced workers",0.665,3,0,0.695,False,below cutoff,"Turns public WARN notices and layoff signals into member-level outreach lists, so lenders can offer hardship plans about 60 days before payments are missed."
379,I0268,Sunset Software Co: Pledge-Funded Tool Revival,signal,Customers stranded when a product's maker disappears,0.65,4,0,0.695,False,below cutoff,"When a B2B tool announces its shutdown, customers pre-commit to paid 'extended life' contracts, and a small operator takes over only if a threshold is met."
380,I0214,IEEPA Refund Ledger for CPAs and Controllers,idea,Recovering IEEPA tariff refunds and surcharges,0.667,5,1,0.693,False,below cutoff,"An accounting workbench that turns IEEPA refund data into correct inventory, cost-of-goods, tax and audit entries."
381,I1084,Yield Twins and Robotic Cells for Regional Beef Packers,idea,Skilled-trades labor gap,0.662,3,0,0.692,False,below cutoff,Start with 3D vision yield scoring on the fabrication line and grow into robotic trimming cells for independent packers.
382,I0722,Alternative-Use Memos for Office Special Servicers,idea,Repricing softening property markets,0.677,2,0,0.692,False,below cutoff,"A fixed-fee, five-day, non-conflicted resolution memo (convert, hold, sell, owner-user sale) for distressed office loans, written for the asset status report."
383,I1190,Insurer-Backed Self-Certified Permits for ADUs,idea,"Small builders' crew coordination, permits and speed",0.646,4,0,0.691,False,below cutoff,"Japan-style private building confirmation: AI code review plus a licensed private reviewer plus an insurer-backed compliance warranty, so an ADU or small addition gets a certified package in about 48 hours where state law allows private providers."
384,I0188,30-Day Capacity-Window Plan After Early Alzheimer's Diagnosis,idea,Dementia and Alzheimer's care at home and in memory care,0.661,3,0,0.691,False,below cutoff,"A productized sprint that uses the legally competent window after an early blood-test diagnosis to lock down legal, financial, safety and care plans."
385,I0345,Bereavement Aftercare for Independent Funeral Homes,idea,"Hospice, dying and the first weeks of bereavement",0.671,2,0,0.686,False,below cutoff,A white-label 13-month aftercare program that funeral homes buy to keep the newly widowed connected after the casseroles stop.
386,I0597,Origin Assay: Forensic Testing of Metal Melt Origin,idea,"Brands substantiating origin, recycled-content and green claims",0.656,3,0,0.686,False,below cutoff,"A lab test that says where steel or aluminum was actually melted, so US-melt claims stop resting on paperwork alone."
387,I1021,Distributor Credit Radar for Failing Restaurants,wild,"Restaurants' idle hours, used oil and credit risk",0.656,3,0,0.686,False,below cutoff,"A weekly early-warning score on each restaurant account, built from public signals and distributors' own order and payment data, so food distributors can tighten terms before the customer goes dark."
388,I0664,Micropollutant Bill Calculator for Generic Drug Makers,idea,"Recycling quality, distressed capacity and battery/EPR compliance",0.625,5,0,0.685,False,below cutoff,"A dataset and model that estimates each pharma and cosmetics company's share of Europe's new micropollutant treatment bill, sold first to generic manufacturers who cannot pass the cost on."
389,I1125,The Weekly Mail Box for Mom,persona,Adult children managing aging parents from afar,0.655,3,0,0.685,False,below cutoff,"A prepaid return envelope where a parent drops all her mail. It gets scanned, triaged, shredded, and turned into a 'what needs doing' digest for her adult child."
390,I0957,Workout GC for Stalled Spec Homes,idea,"Small builders' crew coordination, permits and speed",0.639,4,0,0.684,False,below cutoff,"A finish-the-house crew and re-sequencing service sold to construction lenders, not builders, for homes stuck at 40-90% complete."
391,I0304,Good-Better-Best Estimate Engine for Vet Clinics,idea,Pet owners and insurers squeezed by rising vet bills,0.639,4,0,0.684,False,below cutoff,"AI scribes are turning into a free feature, so the money moves to the moment a client sees the estimate: automate tiered spectrum-of-care plans that turn declines into partial acceptance."
392,I0681,Forever Guardian: Lifetime Care After Parents Are Gone,wild,"Solo agers without family to act as proxy, executor or guardian",0.653,3,0,0.683,False,below cutoff,"A prepaid, life-insurance-funded successor-care plan in which a named team becomes the lifelong advocate, money manager and care coordinator for an adult with a disability after the parents are gone."
393,I0771,Celebration-of-Life Concierge Using Restaurants' Dead Hours,wild,Families choosing direct cremation with no ritual,0.653,3,0,0.683,False,below cutoff,"A flat-fee, turnkey memorial-gathering service for families who buy a cheap direct cremation and then have to improvise a goodbye, hosted in restaurants, breweries and hotel rooms during their empty weekday hours."
394,I0018,Pay-Per-Attendance Social Prescriptions for Loneliness,collide,Loneliness and purpose: belonging programs for isolated adults and elders,0.653,3,0,0.683,False,below cutoff,"A settlement layer where health systems and employers pay small local groups (Men's Sheds, choirs, walking clubs) a fixed fee for every verified attendance by a doctor-referred lonely patient."
395,I0014,Pre-Procedure GLP-1 Readiness for Endoscopy and Ortho,idea,"GLP-1 patients' transitions: procedures, medication changes, quitting and aftercare",0.653,3,0,0.683,False,below cutoff,A 7-day workflow plus day-of gastric ultrasound that stops GLP-1 patients from being cancelled or aspirating at surgery centers.
396,I0961,Fry-Oil Co-op Escaping Evergreen Renderer Contracts,persona,"Restaurants' idle hours, used oil and credit risk",0.653,3,0,0.683,False,below cutoff,"Aggregate independent restaurants' used cooking oil, sell it to biofuel buyers at market with sensor-verified traceability, and hand the owner the check the big renderer keeps."
397,I1263,Royalty-Paying Archive of Master Tradespeople's Hands,wild,Real-world skill and object data for robot and industrial-AI builders,0.653,3,0,0.683,False,below cutoff,"Pay retiring master electricians, pipefitters and welders to record expert egocentric video with think-aloud narration, license it to robotics companies, and share royalties with the workers."
398,I0012,Notary Network as the Proof-of-Human Layer for Hiring,wild,"Verifying real human skill, identity and authorship in hiring and education",0.653,3,0,0.683,False,below cutoff,"Use the millions of already-commissioned notaries as in-person witnesses who certify that a remote job candidate is a real, physically present person and not a deepfake or proxy."
399,I0252,Second Reader for Consumer Scan Anxiety,collide,Follow-up gaps and anxiety after consumer scans and mega-panels,0.652,3,0,0.682,False,below cutoff,"An independent internist plus CBT-for-health-anxiety clinician who reads your Function, Superpower or full-body-scan results and tells you what not to chase."
400,I0594,PFAS Farm Passport for Food Buyers and Lenders,idea,"PFAS exposure, testing and disposal",0.667,2,0,0.682,False,below cutoff,"A screening-plus-sampling service that tells dairy co-ops, produce processors and ag lenders which supplier farms carry PFAS risk from sludge spreading or contaminated irrigation water, and certifies the clean ones."
401,I0328,The 4 A.M. Ride Guild,persona,Rural and underserved patients who cannot reach care,0.667,2,0,0.682,False,below cutoff,"A dispatch network of night-owl local drivers, paid per ride by hospitals and jails, that gets rural patients and released inmates home at hours when Uber and Medicaid rides do not exist."
402,I1186,True Pop: De-duplicated Card Scarcity Data,idea,Trading cards and collectibles market infrastructure,0.681,1,0,0.681,False,below cutoff,"A data product that uses image matching to remove crack-and-resubmit double counts from graded-card population reports, showing lenders and dealers how many physical copies actually exist."
403,I1262,Market Surveillance for Entertainment Prediction Markets,collide,"Investors, lenders and venues wanting real-economy ground truth",0.621,5,0,0.681,False,below cutoff,"Sportradar-style integrity monitoring for the boom in prediction-market contracts on awards, charts, box office and game releases, where insiders and bot farms can swing outcomes."
404,I0854,Pre-Engineered Single-Stair Plan Sets,idea,"Small builders' crew coordination, permits and speed",0.635,4,0,0.68,False,below cutoff,"License stamped, fire-marshal-ready plan sets for 4-6 story single-stair buildings so small developers can use the new law without a $250K custom design."
405,I0558,Lot-Level Verification for Generic Semaglutide Importers,signal,"Access, affordability and supply integrity for GLP-1 and compounded drugs",0.665,2,0,0.68,False,below cutoff,A shared-API lineage database plus independent identity and impurity testing for distributors and pharmacy chains buying the flood of post-patent generic semaglutide.
406,I0472,The 3 A.M. Pharmacist Desk for Konbini,persona,Rural and underserved patients who cannot reach care,0.664,2,0,0.679,False,below cutoff,"A neutral, multilingual, 24-hour remote pharmacist service that issues the emailed certificate the new law will require before konbini without pharmacists can sell OTC drugs."
407,I0810,Asset-Light Black Mass Desk Under BIS Rule,idea,Critical minerals and rare-earth supply chain recovery and provenance,0.649,3,0,0.679,False,below cutoff,"A trading and compliance desk that becomes the default outlet for US black mass sellers, using the rule's toll-processing exception instead of building plants."
408,I0307,Tariff Refund Recovery for Downstream Buyers,idea,Recovering IEEPA tariff refunds and surcharges,0.653,5,1,0.679,False,below cutoff,"Importers of record are collecting over $100B in tariff refunds, but the small businesses that paid tariff surcharges on their invoices are owed a share and nobody is collecting it for them."
409,I0354,Callback Verification Network for Invoice-Paying Agents,collide,Small firms and property managers defending against fraud and impersonation,0.667,4,1,0.678,False,below cutoff,A consortium ledger of verified vendor bank details plus automated out-of-band callbacks that gives accounts-payable agents a signed safe-to-pay attestation before they send money to changed payment instructions.
410,I1042,Rural Jail Pharmacy-in-a-Box for Independents,persona,"Rural sheriffs, jails and small police agencies",0.647,3,0,0.677,False,below cutoff,"Turn the local independent's blister packing, delivery and controlled-substance discipline into a per-inmate contract for the county jail that the sheriff is afraid of."
411,I0905,Turn Foreman Paper Sign-In Sheets Into Court-Ready Records,signal,"Workforce compliance for remote, tipped and platform workers",0.676,3,1,0.673,False,below cutoff,"Foremen text a photo of the daily paper sign-in sheet, and the system timestamps it, flags overtime, break and travel-time errors, and builds an audit-ready record. The crew changes nothing."
412,I0430,Contingency-Fee Audit of OTA Markups and Payouts,idea,"Overtouristed destinations, tour operators and independent hotels",0.657,2,0,0.672,False,below cutoff,"Mystery-shop every downstream reseller and reconcile every OTA payout, then take a share of the money and direct bookings recovered."
413,I0362,Patent-Grade Variant Maps for Biologics,idea,Wet-lab reagents and screens for AI-designed therapeutics,0.641,3,0,0.671,False,below cutoff,"Pooled-screening service that generates the sequence-function data biologics patents now need after Amgen v. Sanofi, plus a mirror-image design-around report for companies facing sequence claims."
414,I0313,Third-Party Maintenance for Orphaned Robots,idea,Customers stranded when a product's maker disappears,0.625,4,0,0.67,False,below cutoff,"Like third-party server maintenance for IT, a spares-and-support contract for robots whose makers failed, were acquired or stopped supporting them."
415,I0751,Post-Divorce Beneficiary Cleanup for Family Lawyers,idea,Making family estate plans fair and contest-proof,0.625,4,0,0.67,False,below cutoff,"Sell divorce attorneys a flat-fee sweep that finds and fixes stale beneficiary designations, since the will is the least important estate document."
416,I1064,Airline-Grade Depot Maintenance for Drone Fleets,persona,"Aircraft and drone operators: maintenance, parts, permits and navigation",0.625,4,0,0.67,False,below cutoff,"A swap-based depot and records service that applies airline maintenance discipline to police drone-as-first-responder, ag-spray and utility inspection fleets."
417,I1194,Overnight First-Call Co-op for Independent Funeral Homes,idea,"Independent funeral homes facing key-person, overnight and consolidation pressure",0.625,4,0,0.67,False,below cutoff,"A shared night-and-weekend answering, dispatch and chain-of-custody service so small funeral homes never lose a call at 2 a.m."
418,I0108,Menu Trial Lab: Restaurants as Food-Brand Test Sites,persona,"Restaurants' idle hours, used oil and credit risk",0.639,3,0,0.669,False,below cutoff,"A network of two-to-five-unit restaurants that run randomized menu experiments for food brands and commodity boards, and get paid for it."
419,I0638,GLP-1 Off-Ramp Program for Cash-Pay Prescribers,idea,"GLP-1 patients' transitions: procedures, medication changes, quitting and aftercare",0.639,3,0,0.669,False,below cutoff,"A structured 12-week landing program for people stopping GLP-1 drugs, sold to the prescribers who lose revenue the day a patient quits."
420,I1128,Fire-Line Readiness Passport for Contract Wildfire Crews,wild,Cash-flow gaps from slow-paying institutions,0.639,3,0,0.669,False,below cutoff,"A qualifications, equipment-inspection and shift-ticket system for private wildland fire engine and crew owners, built so they are never rejected at check-in or paid late."
421,I0368,Inheriting the Lease: Rent-Stabilized Succession Service,collide,Small commercial tenants and renters facing landlord leverage,0.639,3,0,0.669,False,below cutoff,"A service that helps families of rent-regulated elders build and keep the co-residency evidence that lets them inherit a below-market lease, and files the succession claim within days of a death."
422,I0829,Part-Time Retired Journeymen as Apprentice Supervisors,idea,Skilled-trades labor gap,0.639,3,0,0.669,False,below cutoff,Supervision-as-a-service: retired licensed tradespeople work 2-3 days a week as the supervising journeyman that lets small shops deploy the apprentices and helpers they already have.
423,I0260,Conformity Cases for Learning-Enabled Robots,idea,Deploying robots in the real world,0.653,2,0,0.668,False,below cutoff,"A compliance workbench and pre-assessment service that builds the CE-marking safety case for machines whose behaviour comes from ML models (warehouse robots, cobots, humanoids) ahead of the new EU Machinery Regulation."
424,I1330,Dead-Lead Exchange for Solar Installers,persona,Small trade and service firms underpricing and leaking margin,0.608,5,0,0.668,False,below cutoff,"A reason-coded exchange where solar installers sell their disqualified leads (bad roof, shade, small panel) to roofers, arborists and electricians, with a bounty when the homeowner comes back to buy solar."
425,I0763,Satellite Settlement Radar for Condo Buildings,wild,Novel environmental and infrastructure data from satellites and crowd-sensing,0.623,4,0,0.668,False,below cutoff,"Use free satellite radar archives to give condo boards a 10-year movement history of their building, and turn it into litigation-grade evidence when a neighboring construction project caused the settlement."
426,I0604,Through-the-Package Drug Verification Library,signal,"Access, affordability and supply integrity for GLP-1 and compounded drugs",0.653,2,0,0.668,False,below cutoff,"A subscription spectral fingerprint library and scan-on-receipt workflow that lets pharmacies and wholesalers verify what is actually in a sealed vial or blister pack, using off-the-shelf handheld Raman/NIR devices."
427,I1012,Pay-on-Close Homebuyer Readiness for Builders,signal,Repricing softening property markets,0.653,2,0,0.668,False,below cutoff,"A builder-funded coaching and underwriting-repair program for the roughly half of showroom visitors who cannot yet qualify, paid per closing instead of through rate buydowns."
428,I0522,Crop Scouts of the Sea for Seafood Buyers,persona,"Investors, lenders and venues wanting real-economy ground truth",0.605,5,0,0.665,False,below cutoff,"A paid panel of working skippers and tender operators that texts in daily run, quality and delivery-limit data, sold to seafood buyers and lenders days to weeks before the market sees it."
429,I0919,Beaver Warranty for County Culverts and Roads,wild,Condition monitoring for asset owners and their service contractors,0.635,3,0,0.665,False,below cutoff,"A 5-year no-clog guarantee that keeps beavers out of culverts using flow devices and sensors, and later sells the wetlands they build to water and wildfire agencies."
430,I0709,Independent Pharmacy GLP-1 Aftercare Studios,idea,"Independent pharmacies squeezed by PBMs, refund floats and deserts",0.635,3,0,0.665,False,below cutoff,A turnkey cash-pay aftercare membership that gives independent pharmacies their first PBM-free service line.
431,I1227,GitHub Outage Hot-Standby Forge,signal,"AI builders' dependency risk: model retirement, cost blowouts and platform death",0.632,3,0,0.662,False,below cutoff,"A managed Forgejo standby that continuously mirrors repos, PRs, issues and Actions workflows, runs monthly failover drills, and lets a team ship a hotfix in minutes when GitHub is down, so nobody has to migrate off GitHub."
432,I0848,Medicare-First Longevity Kit for Independent Practices,idea,Preventive and longevity care outside conventional insurance,0.632,3,0,0.662,False,below cutoff,"Longevity medicine built on what Medicare already pays for, sold as a workflow kit to independent primary-care practices."
433,I0797,ZIP-Level Appetite Radar for Distressed Markets,idea,Homeowners and communities losing property insurance in high-risk areas,0.632,3,0,0.662,False,below cutoff,"A live map of which carriers are actually binding homes in which distressed ZIPs, sold to agents and to carriers owing coverage quotas."
434,I0182,48-Hour Takedown Desk for Small Platforms,wild,Youth online safety and age-assurance compliance for small platforms,0.681,2,1,0.662,False,below cutoff,A hosted notice-and-removal service that lets small user-content platforms meet the TAKE IT DOWN Act's 48-hour clock while filtering out weaponized false claims.
435,I0315,Shared Apprentice Pools for Office Work,idea,Entry-level pipeline broken by AI,0.646,2,0,0.661,False,below cutoff,"A group-training organisation (the Australian trades model) for white-collar work. It employs new grads, trains them to supervise AI output, and rotates them across several mid-size hosts that share the cost and get first pick."
436,I0425,Tip Passport: Mortgage-Ready Records for Tipped Workers,wild,"Gig, tipped and cash workers unable to prove income",0.614,4,0,0.659,False,below cutoff,"An app that logs every cash and card tip in a lender-grade ledger so young bartenders, stylists, servers and valets can claim the new tip deduction and finally qualify for a mortgage or lease."
437,I0931,Blue UAS Bill-of-Materials Origin Auditor,idea,New defense and drone suppliers: compliance and financing hurdles,0.646,4,1,0.657,False,below cutoff,"Part-by-part origin verification so 60,000-drone orders do not fail on hidden Chinese-origin motors, radios and cameras."
438,I1171,Data Estate Broker for Main Street Closures,signal,Rights-cleared human data and vetted expert workers for AI labs,0.597,5,0,0.657,True,convergence add,"An appraisal-and-brokerage service that finds, de-identifies and sells the operational exhaust (quotes, work orders, dispatch logs, inspection records) of retiring or closing non-tech firms to AI buyers."
439,I0662,Payroll and Proof-of-Trust for Household Staff,persona,"Gig, tipped and cash workers unable to prove income",0.612,4,0,0.657,False,below cutoff,"A WhatsApp payroll, advance and verified-record product for Nigeria's drivers, housekeepers, nannies and gatemen, paid for by their employers."
440,I0523,Verified-Outreach Ledger for Government and Utilities,idea,Seniors targeted by impersonation scams and the institutions that bear the losses,0.611,4,0,0.656,False,below cutoff,"A system where police, courts, tax offices and utilities log every outbound contact so residents can confirm in 20 seconds that they really called."
441,I0213,UL for Talking Toys: Behavioral Safety Lab,idea,"Buyers unable to verify vendor, algorithm or AI-safety claims",0.611,4,0,0.656,False,below cutoff,"An independent lab that red-teams AI toys and kid-facing companion gadgets with child personas, then sells scorecards and a 'passed' seal to brands and retailers."
442,I0801,Indonesia Halal Rescue for Food Exporters,idea,Exporters meeting foreign sustainability and representation rules,0.611,4,0,0.656,False,below cutoff,"A fast-track service that gets mid-size food, supplement and cosmetics exporters registered and documented under Indonesia's mandatory halal regime, then keeps them compliant."
443,I0168,Do-Not-Transact Registry: GAMSTOP for Scams,idea,Seniors targeted by impersonation scams and the institutions that bear the losses,0.611,4,0,0.656,False,below cutoff,"An opt-in registry, controlled by consumers and their families, that crypto ATMs, gift-card sellers and wire desks must check before completing a high-risk transaction."
444,I1104,Harvest Inns: Motel Wings as Farm Crew Housing,collide,Housing for workers priced out of tight markets,0.641,2,0,0.656,False,below cutoff,"A hospitality-grade operator that master-leases wings of underused rural motels and sublets compliant beds, meals and transport to growers who cannot house H-2A crews."
445,I0347,Pre-Surveyed Superload Corridors for Data Center Freight,persona,Getting power for large loads and storage,0.611,4,0,0.656,False,below cutoff,"A subscription library of continuously re-verified main supply routes for 100-400 ton transformer and switchgear moves, so heavy-haul carriers stop paying for a bespoke route survey on the same corridors every time."
446,I0410,Clinic-Sponsored Tuition for Loan-Capped PT Students,collide,Colleges and training programs under new federal loan caps and earnings tests,0.611,4,0,0.656,False,below cutoff,"Sports-medicine PT and athletic-training employers fund tuition for students shut out of federal loans, in return for a structured work commitment."
447,I0521,Flat-Fee Estate Close-Out Pods for Middle-Class Heirs,collide,Executors and small probate firms drowning in estate paperwork,0.625,3,0,0.655,False,below cutoff,"A retired probate attorney supervises 2-3 junior associates and an AI workflow to close $200K-$2M estates for a flat fee, filling the gap between a $400/hr attorney and nothing while giving locked-out grads a paid apprenticeship."
448,I1134,Vacancy-Permit Kit for Half-Empty Offices,idea,Condition monitoring for asset owners and their service contractors,0.625,3,0,0.655,False,below cutoff,A sensor and inspection package that keeps half-empty office buildings insurable and safe during the 12-36 months of limbo before resolution.
449,I0865,Professional Health-Care Agents for Solo Agers,idea,"Solo agers without family to act as proxy, executor or guardian",0.625,3,0,0.655,False,below cutoff,"A subscription 'designated agent' nurse-advocate with health-care proxy authority who is reachable at 2 am, sold to solo agers and to hospitals stuck with unbefriended patients."
450,I1189,Servicer-Funded Nonrenewal Rescue Agent for Homeowners,collide,Homeowners and communities losing property insurance in high-risk areas,0.625,3,0,0.655,False,below cutoff,"When a homeowner's policy is nonrenewed, an agent contests the machine-made underwriting flag, documents mitigation and reshops 30 carriers plus the FAIR plan, paid by the mortgage servicer that would otherwise face a coverage lapse."
451,I1217,H-2A Housing-as-a-Service for Growers,idea,Housing for workers priced out of tight markets,0.639,2,0,0.654,False,below cutoff,Lease pre-certified modular seasonal housing by the bed so growers can actually use H-2A visas.
452,I0859,Elder-Intelligible Voice for Healthcare AI Calls,wild,"Language, hearing and communication barriers in services and workplaces",0.639,2,0,0.654,False,below cutoff,"An audio layer that reshapes AI-agent voices so listeners 75+ with age-related hearing loss actually understand phone calls, sold per minute to healthcare voice-agent companies."
453,I0267,CMMC Enclave for CNC Shops,idea,New defense and drone suppliers: compliance and financing hurdles,0.642,4,1,0.654,False,below cutoff,"A prebuilt, shop-floor-aware CUI enclave and evidence pack that gets 20-person machine shops through CMMC Level 2 without rebuilding their IT."
454,I1004,Sewershed Chemical Fingerprinting to Trace PFAS Sources,idea,"PFAS exposure, testing and disposal",0.639,2,0,0.654,False,below cutoff,A network of automated samplers plus non-target mass-spectrometry that bisects a city's sewer tree to find which industrial sources are putting PFAS into the plant.
455,I0677,Owner-Statement Auditor for Landlords With Property Managers,signal,"Landlords in soft markets: vouchers, evictions, vacancies and retention",0.625,5,1,0.652,False,below cutoff,"Forward your property manager's monthly owner statements and get back the line items that don't add up: repairs with no invoice, charges on the wrong property, reserve draws that hide shortfalls, and true days vacant."
456,I0918,Outsourced Elder-Exploitation Desk for Credit Unions,idea,Seniors targeted by impersonation scams and the institutions that bear the losses,0.639,4,1,0.651,False,below cutoff,"A managed service where trained specialists take flagged older-member transactions, call the member and trusted contact, file reports and document compliance."
457,I0497,Rescue Monitoring for Orphaned Home Solar,wild,"Residential solar leftovers: orphaned systems, leases and liens",0.619,3,0,0.649,False,below cutoff,"An installer-agnostic gateway plus subscription that watches home solar systems whose installer went bankrupt, produces warranty-ready evidence, and dispatches a vetted local electrician."
458,I0173,Texas Data-Center Water Filing and Attestation,idea,Water scarcity: irrigation allocation and new supply,0.617,3,0,0.647,False,below cutoff,"A fixed-fee compliance service that meters, calculates, files and PE-attests data-center water reports for the operators who ignored Texas's mandatory water survey."
459,I1147,Exchange for Unused Grid Interconnection Headroom,wild,Getting power for large loads and storage,0.6,4,0,0.645,False,below cutoff,A market where owners of unused interconnection capacity and stalled queue positions sell time-sliced access to batteries and data centers that cannot wait for the queue.
460,I0141,Manufactured-Home Replacement With Salvage Financing,collide,"Households upgrading homes: electrification, roofs and solar loans",0.6,4,0,0.645,False,below cutoff,"A turnkey 'old home out, new home in' program for manufactured-home communities: hazmat survey, salvage and teardown of pre-1976 units, pad prep, then set-and-hookup crews for new factory-built homes, with scrap and reuse value helping finance the job."
461,I0132,Notarized Sky: Satellite Image Authenticity Desk,collide,Defensible authenticity evidence for disputed digital media,0.614,3,0,0.644,False,below cutoff,"A verification desk that tells insurers, traders and newsrooms whether a 'satellite photo' is real, by corroborating it against independent archives and issuing a signed chain-of-custody attestation."
462,I0477,DIC Finder for Veteran Families at Funerals,persona,"Hospice, dying and the first weeks of bereavement",0.629,2,0,0.644,False,below cutoff,"A tool that reads a veteran's death certificate, hospice diagnosis and DD-214 to spot survivor benefits the widow does not know exist, sold to funeral homes and hospices rather than to families."
463,I1196,Insurer-Proof Watch Service for Inherited Houses,signal,"Houses caught in death, divorce or care transitions",0.583,5,0,0.643,False,below cutoff,"A subscription that keeps a parent's empty house insured during probate by producing the dated inspection log insurers require, plus leak sensors and mail and utility handling."
464,I1223,Sworn Testator Depositions for the Deepfake Era,persona,Making family estate plans fair and contest-proof,0.597,4,0,0.642,False,below cutoff,"Estate attorneys refer aging or blended-family clients to a 45-minute sworn Q&A on intent and capacity, taken by a reporter who certifies it and stored in an escrow vault that opens on death. Because a human certified it, it stays credible when video can be faked."
465,I1197,Decoy Employees: Canary Tokens for People,idea,Small firms and property managers defending against fraud and impersonation,0.597,4,0,0.642,False,below cutoff,"AI-run fake accounts-payable and help-desk staffers listed where attackers scrape, with voice agents that answer, harvest attacker infrastructure and alert the real team the moment anyone probes."
466,I0641,Cloud-Bricking Escrow for Hardware Brands,signal,Customers stranded when a product's maker disappears,0.597,4,0,0.642,False,below cutoff,"A neutral escrow-and-standby service that holds a hardware brand's cloud backend and local-mode firmware, and takes over the moment the cloud vendor fails."
467,I0105,Hospital-Guaranteed Loans for Excluded Health Programs,idea,Colleges and training programs under new federal loan caps and earnings tests,0.597,4,0,0.642,False,below cutoff,"Employer-cosigned, service-obligation tuition loans for nursing, OT, PT and counseling students that the new federal caps abandoned."
468,I0175,Evac Cash: Payout When Ordered to Evacuate,wild,Fast parametric cash for weather and disaster shocks,0.597,4,0,0.642,True,convergence add,"A few dollars a month buys a $500-$2,500 wire within hours of an official mandatory evacuation order for your address, covering hurricane, wildfire and burn-scar flood orders."
469,I1132,Credit Ratings and Insurance for Virtual Power Plants,idea,Utilities avoiding costly network upgrades with distributed flexibility,0.597,4,0,0.642,False,below cutoff,"A neutral firmness rating plus a parametric shortfall policy, so hyperscalers and utilities can buy VPP megawatts they can actually count."
470,I0785,Prospecting for Brackish Aquifers Like Gold,idea,Water scarcity: irrigation allocation and new supply,0.611,3,0,0.641,False,below cutoff,"A water-exploration company that maps, options and permits high-yield brackish and fresh aquifers before developers need them, then sells or leases 'water-ready' sites and supply."
471,I0694,Real-Brine Library and DLE Benchmark Lab,persona,Critical minerals and rare-earth supply chain recovery and provenance,0.611,3,0,0.641,False,below cutoff,"A neutral bank of characterised real brines, matrix-matched reference materials and public bake-offs of direct lithium extraction vendors, so nobody has to run a $3M private pilot to compare technologies."
472,I0846,Verified-Offer Shield Against H-2A Recruitment Scams,collide,"Workforce compliance for remote, tipped and platform workers",0.611,3,0,0.641,False,below cutoff,"A WhatsApp-native registry where growers publish verifiable H-2A job offers and authorized recruiters, so workers can check any offer in seconds and growers get proof they never sanctioned a fee-charging middleman."
473,I0404,Pickleball Courts Inside Empty Fellowship Halls,idea,Shrinking institutions with idle buildings,0.611,3,0,0.641,False,below cutoff,"A turnkey operator that converts congregations' idle gyms and fellowship halls into revenue-sharing indoor pickleball venues, with lines, nets, insurance and booking handled."
474,I0265,Delay Insurance for Data Center Energization,idea,Cover and data for emerging or neglected risks,0.611,3,0,0.641,False,below cutoff,Parametric insurance and pricing data that pay developers and lenders when the utility misses its committed energization date.
475,I1232,Emeritus: Paying 80-Year-Old Tradespeople for Tacit Knowledge,wild,Real-world skill and object data for robot and industrial-AI builders,0.611,3,0,0.641,False,below cutoff,"Recruit retired machinists, lineworkers, boiler operators and railroad and telephone technicians in their 70s-90s, pay them hourly to teach on camera, and sell the corpus to AI labs, robotics companies and industrial firms."
476,I0406,Rent Renewal Desk for Small Tenants,wild,Small commercial tenants and renters facing landlord leverage,0.611,3,0,0.641,False,below cutoff,"Contingency-fee lease-renewal negotiation for tenants under 5,000 square feet, armed with the comps and lease abstraction that landlords get from CoStar-class data and small tenants never see."
477,I0550,Short-Time Compensation as a Service,idea,"Employers restructuring for AI: layoffs, severance and displaced workers",0.611,3,0,0.641,False,below cutoff,"Software and admin that lets employers shrink hours instead of headcount using state work-sharing programs, where unemployment insurance replaces part of the lost wages, as an alternative to AI-driven layoffs."
478,I0413,"Widow's First 90 Days, Sold Through Funeral Homes",persona,"Hospice, dying and the first weeks of bereavement",0.625,2,0,0.64,False,below cutoff,"The pharmacy sees a death first, because refills stop. Package a pharmacist-led medicine cleanup and 90-day check-in program for the surviving spouse, and sell it to funeral homes as their aftercare offering."
479,I0035,Widowhood Risk Program Sold to Medicare Payers,persona,"Hospice, dying and the first weeks of bereavement",0.625,2,0,0.64,False,below cutoff,"Use hospice's early knowledge that a caregiver spouse is about to become a widow to enroll them in a 180-day protective program, paid for by Medicare Advantage plans and ACOs."
480,I1212,Retreat Options for Eroding Oceanfront Homes,collide,"Flood and fire survivors: mapping, buyouts, claims and rebuilding",0.579,5,0,0.639,False,below cutoff,An annual retainer that reserves a house-mover and demolition slot and triggers automatically when satellite-measured setback hits a preset distance.
481,I1010,AI Chat-History Exposure Assessments for Breach Counsel,idea,Recorded and AI-created data exposure for small firms,0.593,4,0,0.638,True,convergence add,"When infostealers grab employees' AI sessions, tell breach counsel what the attacker could actually have read and whether notification is triggered."
482,I0721,Tariff Surcharge Clawback for Downstream Buyers,idea,Recovering IEEPA tariff refunds and surcharges,0.611,5,1,0.638,False,below cutoff,A contingency recovery-audit firm that claws back tariff surcharges buyers paid on duties their suppliers have since had refunded.
483,I0135,Turnkey Six-Bed Care Homes for Nurse-Operators,idea,"Home and residential care: labor supply, family caregivers and small-scale models",0.625,4,1,0.637,False,below cutoff,A licensing-and-operations platform that turns ordinary houses into small licensed residential care homes run by nurses and experienced aides.
484,I1108,Funeral Home Land-and-Business Split Advisory,collide,"Independent funeral homes facing key-person, overnight and consolidation pressure",0.591,4,0,0.636,False,below cutoff,"An advisor that separates aging independent funeral directors' real estate from their operating business. The land goes to housing developers, the shrunken business is leased back or sold to a consolidator, and the advisor earns fees and a small equity slice."
485,I0506,Live-In Caretaker Tenants for Homes in Probate,collide,"Houses caught in death, divorce or care transitions",0.575,5,0,0.635,False,below cutoff,"A managed service that places vetted short-term tenants in homes stuck in probate. The rent covers carrying costs, the occupied status keeps the house insured, and the estate gets a caretaker instead of a vacant liability."
486,I1257,Paid Exit Capture: Layoffs Become Agent Evals,idea,"Employers restructuring for AI: layoffs, severance and displaced workers",0.604,3,0,0.634,False,below cutoff,"Pay departing employees a completion bonus to turn their tacit exception-handling know-how into the eval sets and edge-case playbooks the employer's AI agents need, before that knowledge walks out."
487,I1061,Licensed Cozy Games for Memory Care,persona,Dementia and Alzheimer's care at home and in memory care,0.602,3,0,0.632,False,below cutoff,"A turnkey activity program for senior living made of commercially licensed cozy indie games, in a kiosk kit that logs resident participation for compliance paperwork."
488,I0370,Betting Profit-and-Loss Statements for Credit Unions,signal,Households in debt distress,0.587,4,0,0.632,False,below cutoff,"Turn a member's bank ACH data into an 'investment-style' betting P&L (what they recovered per dollar deposited) and optional spending guardrails, licensed per member to credit unions and neobanks."
489,I1305,Robot Finger That Makes Legacy Instruments Agent-Operable,wild,"Autonomous and AI-directed labs: infrastructure, safety and access",0.585,4,0,0.63,False,below cutoff,"A camera-plus-servo retrofit box that presses buttons, turns knobs and reads displays on validated lab and test equipment from the outside, giving decade-old instruments an API without touching their software."
490,I0828,Install Clubs: Brazilian Consórcio for Home Contractors,wild,"Households upgrading homes: electrification, roofs and solar loans",0.583,4,0,0.628,False,below cutoff,"A contractor-anchored, interest-free buying pool: 60-200 homeowners pay monthly into escrow and each month a few move up the queue (by draw or bid) to get their roof, heat pump or solar+battery installed."
491,I1249,Pattern-Less Foundry Network via Printed Sand Molds,idea,US machine shops and reshoring manufacturers,0.583,4,0,0.628,False,below cutoff,Print sand molds centrally and pour them at idle small foundries to deliver castings in about two weeks with no patterns.
492,I0947,Supply-Continuity Escrow for Hardware Startups,wild,Customers stranded when a product's maker disappears,0.583,4,0,0.628,False,below cutoff,"Software-style source-code escrow, but for physical products: startups deposit CAD, BOMs and tooling data, and a pre-qualified micro-factory network is contractually obligated to keep making parts for buyers if the startup dies."
493,I0495,Training-Day School Inside Youth Sports Facilities,collide,"Microschools, homeschoolers and shrinking districts",0.583,4,0,0.628,False,below cutoff,Turn the empty weekday hours of club-sports facilities into ESA- and scholarship-funded microschools for serious young athletes.
494,I0706,Licensed Principal-of-Record for Financial Agents,collide,Accountability and guardrails for AI agents acting for others,0.598,3,0,0.628,False,below cutoff,"Buy a retiring independent insurance agency, then rent its licenses, carrier appointments and supervision layer to AI-agent builders that need a legally accountable entity behind every quote and bind."
495,I0998,Neutral Noise-and-Flight Monitors for Drone Hubs,collide,"Aircraft and drone operators: maintenance, parts, permits and navigation",0.583,4,0,0.628,False,below cutoff,"Independent noise and flight-log monitoring that gives cities and neighbors a referee for drone-delivery hub permits, and gives operators and retail hosts approvable evidence."
496,I0053,Second Look: Illustrators as Fake-Image Examiners,wild,Defensible authenticity evidence for disputed digital media,0.597,3,0,0.627,False,below cutoff,"A bench of displaced illustrators and retouchers trained as human image examiners who certify or flag photos in insurance claims, rental deposits, and e-commerce refunds, with written, defensible reasons."
497,I0802,Technique Capture for Cell Therapy Tech Transfer,idea,Real-world skill and object data for robot and industrial-AI builders,0.597,3,0,0.627,False,below cutoff,"Instrumented video-and-sensor capture of the 'artisanal' manual steps in cell therapy processes, turned into numeric parameters and training packages for CDMO tech transfer."
498,I0987,Tip Provenance Ledger for Tipped-Occupation Employers,idea,"Workforce compliance for remote, tipped and platform workers",0.597,3,0,0.627,False,below cutoff,"An evidence trail that classifies every dollar as a voluntary tip, service charge, pool or cash tip, to support new tip-deduction reporting."
499,I0576,Import Compliance Desk for Hobby Brands,idea,"Tariff cost, classification and customs for small importers",0.611,2,0,0.626,False,below cutoff,"Subscription compliance for small tabletop, designer-toy, card-accessory and collectible brands covering CPSC eFiling, product certificates, EU representative and tariff classification."
500,I1285,Get Paid to Care: Family Caregiver Enrollment,idea,"Home and residential care: labor supply, family caregivers and small-scale models",0.614,4,1,0.625,False,below cutoff,"A navigator that gets family caregivers onto Medicaid and VA payrolls, then becomes the fiscal intermediary that pays them."
501,I0111,Financial-Aid Overflow Desk for New Loan Caps,idea,Colleges and training programs under new federal loan caps and earnings tests,0.579,4,0,0.624,False,below cutoff,"A managed service plus software that classifies programs as professional versus graduate, tracks lifetime caps and prevents mis-awards at small colleges' aid offices."
502,I0257,Street-Level Gas Pipe Retirement Optimizer,idea,"Households upgrading homes: electrification, roofs and solar loans",0.579,4,0,0.624,False,below cutoff,Software plus a turnkey block-by-block electrification crew that tells gas utilities which streets to retire instead of replace.
503,I0649,Tariff Surcharge Clawback for Downstream Payers,idea,Recovering IEEPA tariff refunds and surcharges,0.563,5,0,0.623,False,below cutoff,"Recover itemized tariff surcharges from suppliers who were refunded the tariffs, on contingency, and give surcharge-collecting firms a defensive ledger."
504,I0050,Random-Sample CPA Audits of AI Bookkeeping,collide,"Proving AI controls and human review to insurers, auditors and clients",0.562,5,0,0.622,False,below cutoff,A $79/month independent assurance layer where a licensed CPA reviews a random sample of a micro-business's AI-categorized transactions and signs a monthly accuracy attestation backed by a penalty-reimbursement guarantee.
505,I0602,Caring Contacts as a Service for Hospitals,idea,Behavioral health and addiction care capacity,0.576,4,0,0.621,False,below cutoff,"Outsourced, human-edited follow-up messages and calls after a suicide-risk emergency visit or crisis call, run on a compliance-grade platform hospitals and 988 centers can buy per patient."
506,I0777,Vendor Exit Desk for Fleets and Contractors,signal,Small trade and service firms underpricing and leaking margin,0.561,5,0,0.621,False,below cutoff,"A contingency-fee service that gets small fleets and home-service contractors out of predatory software and telematics contracts, and recovers the money the vendors keep billing."
507,I0628,Break-Glass Interim Operators for Deceased Owners' Businesses,collide,"Owner wind-down, sudden death and tacit-knowledge handoff",0.575,4,0,0.62,False,below cutoff,"An on-call bench of laid-off COOs and ops directors who step in within 48 hours when the sole owner of a small business dies, keeping it alive until the heirs can sell or close it."
508,I0611,Rails Weather: Live Nigerian Payment Reliability Index,persona,Informal finance and payment frictions in emerging markets,0.574,4,0,0.619,False,below cutoff,"An independent, always-on measurement of which bank-to-bank transfers are actually working right now, sold as an API and SLA evidence."
509,I0942,Regulatory Slip Desk for Compliance Budget Decisions,idea,Singular / uncategorized,0.619,1,0,0.619,False,below cutoff,"A probability-weighted deadline desk that tells compliance heads which rules will probably slip, which will not, and which controls are worth building now regardless."
510,I0535,Wet-Lab Materials Bill-of-Materials Scanner,idea,Biotech capital: diligence and salvage,0.572,4,0,0.617,False,below cutoff,"Black Duck for biology: scan a startup's plasmids, cell lines, antibodies and enzymes for license, MTA and patent encumbrances before an investor or acquirer does."
511,I1154,Market Rulebook Red Team for New Venues,signal,"Investors, lenders and venues wanting real-economy ground truth",0.556,5,0,0.616,False,below cutoff,"Turn a trading venue's plain-English rulebook into an executable model, then use adversarial agents to find manipulation exploits and propose rule patches before real attackers do."
512,I1118,Fresh-Address Desk for Medicaid Plans,persona,"Benefit-rule changes: Medicaid work rules, SNAP and ACA cliffs",0.556,5,0,0.616,False,below cutoff,"Turn Title I front offices into a consent-based channel that keeps families on Medicaid, paid per household retained by health plans and hospitals, with a revenue share to the school."
513,I0767,Universal Depot Operator for Stacked EPR Programs,idea,"Recycling quality, distressed capacity and battery/EPR compliance",0.556,5,0,0.616,False,below cutoff,"One neutral drop-off depot per town that serves batteries, paint, oil containers, textiles and small e-waste for many producer responsibility programs at once."
514,I0427,Parametric Recovery Cover for Tourism Towns,collide,Fast parametric cash for weather and disaster shocks,0.569,4,0,0.614,False,below cutoff,"Annual parametric policies bought by destination tourism boards that pay out within days when fire, smoke, flood or road closures crater visitor demand, even with no physical damage."
515,I0100,Wind Tunnel for Agent Markets and Pricing Collusion,idea,"Buyers unable to verify vendor, algorithm or AI-safety claims",0.569,4,0,0.614,False,below cutoff,"Simulate your pricing or buying agent against thousands of rival agents to see whether it drifts into tacit collusion, manipulation or first-offer traps before regulators or rivals do."
516,I0439,Fee-Free Hire Receipts for Migrant Workers,wild,Exporters meeting foreign sustainability and representation rules,0.569,4,0,0.614,False,below cutoff,"A worker-held credential proving a migrant was recruited without fees and paid as contracted, sold to suppliers and brands that must prove no forced labour, and portable to the worker's next job."
517,I0461,PFAS-Cleared Succession for Plating Shops,collide,US machine shops and reshoring manufacturers,0.569,4,0,0.614,False,below cutoff,"Fixed-price wastewater and PFAS readiness reports that let retiring plating and anodizing owners sell to buyers and lenders, feeding a buyer marketplace."
518,I1202,Human Trust-Anchor Service for Driverless Freight Hubs,collide,Autonomous-vehicle fleets' ground infrastructure and stakeholders,0.583,3,0,0.613,False,below cutoff,"A neutral crew and signature service at autonomous-truck terminals that replaces the driver's role as freight's witness: pre-trip inspection, condition-of-freight capture, signed digital BOL and inspector liaison, priced per handoff."
519,I0417,Skill Rooms: Proctored Work-Sample Studios for Hiring,wild,"Verifying real human skill, identity and authorship in hiring and education",0.583,3,0,0.613,False,below cutoff,"Walk-in, device-free testing studios where candidates take a 90-minute employer-designed work sample under ID-verified proctoring, with a portable score that many employers honor."
520,I0909,Bonded US-Only Remote Operators for Robots,wild,Teleoperated labor and remote pilot workforces,0.583,3,0,0.613,False,below cutoff,"A staffing company for physical AI: background-checked, bonded, US-resident remote operators working from secure facilities on SLA-backed shifts to assist robotaxis, delivery robots and teleoperated humanoids."
521,I0869,Audit-Proof Family Night in a Box,persona,"K-12 districts' legal service duties: IEPs, attendance, nutrition and Title I",0.583,3,0,0.613,False,below cutoff,"Fixed-price, compliance-packaged family engagement events for Title I schools, paid from the federally required parent-engagement set-aside, with the monitoring binder as the real product."
522,I1199,Contractor Location and Payout Attestation for Sanctions Safety,idea,"Verifying real human skill, identity and authorship in hiring and education",0.583,3,0,0.613,False,below cutoff,"Continuous proof that remote contractors are where they say and are paid where they claim, giving employers evidence against North Korean IT-worker sanctions exposure."
523,I1143,Legal Price Bargaining Co-ops for Salmon Fleets,persona,Fisheries and ecosystem-service operators,0.597,2,0,0.612,False,below cutoff,"Back-office software and staff that let independent salmon boats negotiate price as one bloc under the 1934 Fishermen's Collective Marketing Act, as the Bering Sea crab fleet already does."
524,I0775,Private Set Intersection Mule Graph for Credit Unions,idea,Banks and platforms disrupting scam networks and recovering victims' funds,0.597,2,0,0.612,False,below cutoff,"Let hundreds of small banks and credit unions ask 'has anyone flagged this payee account?' without revealing customers or lists, using cryptographic private set intersection."
525,I0282,Make Platforms and Receiving Banks Pay Scam Refunds,idea,Banks and platforms disrupting scam networks and recovering victims' funds,0.597,2,0,0.612,False,below cutoff,"A contingency-fee desk that packages evidence so banks can recover mandatory scam reimbursements from receiving institutions and, in the EU, from the platforms where the scam ran."
526,I1167,"Sell the Route, Not the Business",idea,Trade-shop succession and buyouts,0.566,4,0,0.611,False,below cutoff,A standardized customer-book sale with a retention earn-out held in escrow and released automatically from payment data.
527,I1332,Side-Selling Early Warning for Milk and Coffee Coops,persona,Smallholders and rural households in emerging markets,0.565,4,0,0.61,False,below cutoff,"A churn-prediction and targeted-advance service that tells dairy and coffee cooperatives which farmers are about to side-sell to cash brokers, and triggers the right cash intervention before the volume walks away."
528,I0062,Right-Size Rx: Deprescribing After GLP-1 Starts,idea,"GLP-1 patients' transitions: procedures, medication changes, quitting and aftercare",0.58,3,0,0.61,False,below cutoff,"Pharmacist outreach that adjusts insulin, sulfonylureas and BP meds in the weeks after a GLP-1 start, sold to payers on avoided harm and drug spend."
529,I0782,Rescue Orphaned Steno Notes With Stroke-Level AI,persona,"Small litigation practices lacking evidence, records and benchmark tools",0.579,3,0,0.609,False,below cutoff,"A translation service that turns retired or deceased reporters' unreadable steno files into certifiable transcripts for stalled appeals, using a neural stroke-to-text model in place of the missing personal dictionary."
530,I0978,"Peer-Made Aide Training in Creole, Spanish, Tagalog",collide,"Home and residential care: labor supply, family caregivers and small-scale models",0.563,4,0,0.608,False,below cutoff,"A library of short scenario videos made by experienced home-care aides in their own languages, RN-reviewed and sold to agencies as required in-service training that keeps new aides from quitting."
531,I1038,Rain-Day Revenue Insurance for Patio Restaurants,persona,Fast parametric cash for weather and disaster shocks,0.562,4,0,0.607,False,below cutoff,"Parametric weather cover for restaurants: pick your bad-weather trigger, get paid automatically when it hits, with payouts calibrated to your own POS history."
532,I0778,The Second Ceremony After Direct Cremation,wild,Families choosing direct cremation with no ritual,0.575,3,0,0.605,False,below cutoff,A scattering-day and celebration-of-life concierge for the majority of families who chose cremation with no service and later realize they need a ritual.
533,I1297,Tell Us Once: US Death-Event Switchboard,idea,Executors and small probate firms drowning in estate paperwork,0.607,3,1,0.604,False,below cutoff,"Verify an executor once, then let agents notify and close dozens of institutions for you, building toward a reusable 'authority to act' credential the institutions accept."
534,I0367,Voucher Lease-Up Desk for Soft Markets,idea,"Landlords in soft markets: vouchers, evictions, vacancies and retention",0.543,5,0,0.603,False,below cutoff,"An ops service that gets units voucher-ready and through housing-authority inspection and paperwork in days, turning Section 8 from a hassle into the cheapest demand source in a soft market."
535,I0737,CRA Technical-File Compiler Built Into CI,idea,EU digital product laws for small connected-device makers,0.625,4,2,0.603,False,cliché (2+ judges),"A GitHub/GitLab app that assembles the Cyber Resilience Act technical documentation, Annex I evidence and draft declaration of conformity from every release, so compliance is a build artifact rather than a consulting project."
536,I0950,Real Gross Margin Diligence for AI Startups,idea,"Investors, lenders and venues wanting real-economy ground truth",0.542,5,0,0.602,False,below cutoff,"Quality-of-earnings for agent companies: restate COGS at unsubsidized token prices, retry waste and expiring credits so investors see true unit economics."
537,I0067,Flood Cover Sold to the Lender,idea,"Flood and fire survivors: mapping, buyouts, claims and rebuilding",0.542,5,0,0.602,False,below cutoff,"Homeowners won't buy flood insurance, but the bank holding their mortgage should, because the uninsured flood loss lands on the lender's collateral."
538,I0911,Hazmat Sidecar for Small Old-House Repairs,collide,"Households upgrading homes: electrification, roofs and solar loans",0.556,4,0,0.601,False,below cutoff,"A flat-price, same-week asbestos and lead test-and-remove service that solo-to-five-tech plumbing, HVAC, electrical and flooring shops call when a small job in a pre-1980 house hits suspect material, with the waste manifest handled for them."
539,I0044,Drone Hub Siting and Permit Intelligence,idea,"Aircraft and drone operators: maintenance, parts, permits and navigation",0.556,4,0,0.601,False,below cutoff,"Parcel-level zoning, noise and neighbor-risk scoring, plus done-for-you permit filing, for retailers and drone operators expanding launch hubs."
540,I0359,Blank-First Microplastics: Clean Kits and Data Forensics,signal,Singular / uncategorized,0.601,1,0,0.601,False,below cutoff,"Sell certified low-shed sampling kits, blank/spike proficiency samples, and legacy-data re-analysis to microplastics labs whose glove-contaminated numbers are now in doubt."
541,I0429,"Rent Seasonal Nitrate Treatment, Don't Build Plants",idea,"Small water utilities: staffing, revenue leakage, lead lines and nitrate",0.556,4,0,0.601,False,below cutoff,Trailer-mounted nitrate-removal skids rented to small farm-belt utilities only for the 60-120 days a year when river or shallow-well nitrate spikes.
542,I0339,Turf-Ban Pivot Desk for Lawn and Irrigation Crews,collide,Water scarcity: irrigation allocation and new supply,0.569,3,0,0.599,False,below cutoff,"A done-for-you back office that turns lawn-maintenance crews into rebate-financed turf-removal and drip-conversion contractors, and uses their weekly routes as a cheap verification network for water utilities."
543,I0821,"Care-Home Trigger Desk: Evacuate, Shelter, Cool",idea,"Heat, fire and evacuation protection for vulnerable people",0.569,3,0,0.599,False,below cutoff,"Automatic, pre-contracted action triggers that move older residents before fire, flood or heat-driven power loss becomes lethal."
544,I0817,Family Continuity Kit for Mixed-Status Households,wild,Immigrant households and workers: status deadlines and paperwork,0.569,3,0,0.599,False,below cutoff,"A done-with-you, notarized emergency-care package (standby guardianship, power of attorney, school and medical authorizations, wallet card and check-in alerts) for parents who could be detained without notice."
545,I0462,48-Hour Patent Troll Response Desk for SMBs,wild,"Small firms facing serial-plaintiff, troll and patent exposure",0.602,3,1,0.599,False,below cutoff,"A flat-fee service that answers patent-troll demand letters within 48 hours with an AI-built claim chart, prior art, the assertion entity's litigation history and an attorney-signed response."
546,I1200,Mobile Cobot Safety Validation Lab,idea,Deploying robots in the real world,0.583,2,0,0.598,False,below cutoff,A van-based lab that measures collision forces and signs off robot and cobot cells against the 2025 ISO 10218 revisions.
547,I0245,Monetization Compliance-as-Code for Free-to-Play Studios,idea,Youth online safety and age-assurance compliance for small platforms,0.583,2,0,0.598,False,below cutoff,"A linter that reads a studio's store and gacha configuration and flags per-country, per-age-band violations, with an auditable rulebook curated by counsel."
548,I0556,LOMA Rescue for Newly Flood-Mapped Homeowners,signal,"Flood and fire survivors: mapping, buyouts, claims and rebuilding",0.537,5,0,0.597,False,below cutoff,"Door-to-door service that gets newly mapped flood-zone homeowners an elevation certificate and a FEMA map amendment (LOMA) package before they are forced into flood insurance, with surveyors paying for the leads."
549,I1033,GLP-1 Alcohol Protocols Inside Sober-Living Homes,collide,Behavioral health and addiction care capacity,0.551,4,0,0.596,False,below cutoff,"A turnkey semaglutide-for-alcohol-use-disorder protocol delivered through recovery residences, which supply the daily accountability, testing and peer community that telehealth prescribing lacks."
550,I0896,Vendor-Neutral ELD Log Auditor and DataQs Filer,signal,"Freight brokers, carriers and shippers: fraud, liability and disputes",0.564,3,0,0.594,False,below cutoff,"An independent audit that catches the log errors ELD vendors create, and files the FMCSA challenge when they become violations."
551,I1159,Court-Ready Estate Accounting from Bank Statements,idea,Executors and small probate firms drowning in estate paperwork,0.597,3,1,0.594,False,below cutoff,"Upload the statements and get the court's accounting format back, so small probate firms stop losing money on the ledger."
552,I0749,Insurer-Billable Circles for GLP-1 Quitters,collide,"GLP-1 patients' transitions: procedures, medication changes, quitting and aftercare",0.563,3,0,0.593,False,below cutoff,"Twelve-week therapist-and-dietitian-led groups for people coming off GLP-1s, funded through behavioral-health and nutrition benefits rather than 'weight loss' budgets."
553,I0250,"Deepfake Shields for Mayors, Sold Through Risk Pools",collide,Small firms and property managers defending against fraud and impersonation,0.548,4,0,0.593,False,below cutoff,"Long-tail likeness and voice protection for roughly 500,000 local elected officials, clerks and first responders who have no agency to police impersonation, sold as a loss-control service through municipal insurance risk pools and county election offices."
554,I1221,Liquidity for Managers of Overheld PE Companies,signal,Private-equity roll-up aftermath,0.577,2,0,0.592,False,below cutoff,"Give executives in stuck PE portfolio companies a way to cash out part of their vested equity through third-party buyers, so sponsors can fix management retention without diluting the fund or forcing an exit."
555,I1337,Restock Monitors Turned Competitor Sell-Through Radar,persona,"Investors, lenders and venues wanting real-economy ground truth",0.528,5,0,0.588,False,below cutoff,Repurpose the Discord restock-monitor infrastructure teen resellers run into a SKU- and size-level sell-through index for DTC brands and the investors and acquirers who buy them.
556,I1170,Rights-Cleared 1929-1963 Corpus for AI,signal,Rights-cleared human data and vetted expert workers for AI labs,0.528,5,0,0.588,False,below cutoff,"Join scanned mid-century books, magazines and newspapers to Copyright Office renewal records to produce provably public-domain text for AI training, with libraries paid a share and spared the scraper load."
557,I0380,Landfill Airspace Recovery Contractor,idea,"Recycling quality, distressed capacity and battery/EPR compliance",0.528,5,0,0.588,False,below cutoff,"Mine old landfill cells to recover airspace, not metals, and sell it to operators at a fraction of the cost of new capacity."
558,I0871,Contingency Refunds for Fake Local-Service Leads,collide,Small trade and service firms underpricing and leaking margin,0.528,5,0,0.588,False,below cutoff,"A win-based service that audits what plumbers, HVAC firms, locksmiths, law offices and clinics pay per lead or call, proves which were bots, spam or out-of-area, and files the platform disputes owners never get around to."
559,I0080,Exposure Response Desk for Vibe-Coded Apps,signal,Recorded and AI-created data exposure for small firms,0.543,4,0,0.588,False,below cutoff,"A fix-and-legal-decision service for founders whose AI-built apps leaked user data, delivering an RLS lockdown, an access-log check and a breach-notification memo."
560,I0154,Independent Verifier for LLM Inference Endpoints,idea,"AI builders' dependency risk: model retirement, cost blowouts and platform death",0.625,3,2,0.588,False,cliché (2+ judges),"Continuous black-box testing that proves an API endpoint is serving the advertised model at the advertised precision, with a price-per-verified-quality index."
561,I0652,Live-Action Fraud Drills Using Immersive Theater,collide,Seniors targeted by impersonation scams and the institutions that bear the losses,0.542,4,0,0.587,False,below cutoff,"Ticketed and B2B immersive-theater experiences where participants, with consent, get scammed by actors and voice-cloned 'relatives' in a safe space and learn the tells under real emotional pressure."
562,I0033,Repatriation-of-Remains Concierge for Immigrant Families,idea,"Diaspora families managing death, care and property across borders",0.542,4,0,0.587,False,below cutoff,"A fixed-price service that gets a loved one's body home across borders, and later a low-cost membership that pre-funds it."
563,I1022,"Adaptive Paper: Kumon Economics, AI Back Office",idea,"Microschools, homeschoolers and shrinking districts",0.542,4,0,0.587,False,below cutoff,Weekly personalized paper practice packets sequenced from phone photos of last week's handwritten work: adaptivity with no screen and no chatbot in the child's hands.
564,I0784,"A Marketplace for Canal Capacity, Not Water",idea,Water scarcity: irrigation allocation and new supply,0.556,3,0,0.586,False,below cutoff,A scheduling and capacity-release board that lets irrigation districts sell idle canal and wheeling capacity so conserved or recharge water can physically move to buyers.
565,I1206,Ticket Escrow Bot for Fan Communities,collide,Resellers and liquidators of surplus and fandom goods,0.556,3,0,0.586,False,below cutoff,"A payment-escrow bot for the Discord, WhatsApp and Facebook groups where fans already swap tickets, releasing money only when a cryptographically verifiable ticket-transfer email arrives."
566,I0981,Native-Language Translation Earpieces for Dementia Care,idea,Dementia and Alzheimer's care at home and in memory care,0.556,3,0,0.586,False,below cutoff,Dementia-tuned real-time speech translation and a life-story phrasebook so aides can soothe residents in the language they reverted to.
567,I1090,Legal Defense Plan for Human-in-the-Loop Workers,wild,"Proving AI controls and human review to insurers, auditors and clients",0.526,5,0,0.586,False,below cutoff,"A USCCA-style membership that protects the nurse, safety driver or loan officer who gets blamed when AI recommends and a human signs, plus an 'override receipt' log the member personally owns."
568,I0899,Seasonal Staff Housing from Banned Rentals,idea,Housing for workers priced out of tight markets,0.569,2,0,0.584,False,below cutoff,"Master-lease flats stranded by short-term-rental bans and sublet them by the bed, with employer-guaranteed rent, to short-staffed hotels in the same destination."
569,I1267,Craft Data: Retiring Machinists Teach Robots,idea,Real-world skill and object data for robot and industrial-AI builders,0.587,3,1,0.584,False,below cutoff,"Pay shops to let experienced craftspeople wear cameras and gloves, and sell the captured factory-floor skill data to robot-learning labs."
570,I0039,Turnkey Recovery Amenity Operator for Landlords,idea,Recovery-studio and peptide businesses needing safety evidence and insurability,0.569,2,0,0.584,False,below cutoff,"Operate managed sauna-and-cold-plunge suites inside apartment and mixed-use buildings, paid a flat monthly fee by the landlord."
571,I0113,"Public Toilets as a Stipend Program, Not Construction",wild,Singular / uncategorized,0.583,1,0,0.583,False,below cutoff,"A turnkey program manager that lets cities and business districts turn cafes, gyms, garages and gas stations into paid, insured and mapped public restrooms for a small annual stipend instead of building $225,000 freestanding toilets."
572,I0948,Earn-In Equity for Journeymen Buying Trade Shops,wild,Trade-shop succession and buyouts,0.569,4,1,0.581,False,below cutoff,"A platform that turns a retiring HVAC, plumbing or electrical owner and a 25-year-old journeyman into a multi-year vesting buyout with a pre-agreed valuation formula, seller note and SBA-ready paperwork."
573,I0208,Signed Eyewitness Network for Ports and Sanctions,collide,Defensible authenticity evidence for disputed digital media,0.548,3,0,0.578,False,below cutoff,"A network of ship, plane and port spotters and local creators paid per provenance-signed capture (verified time, place and device), sold first to maritime insurers and sanctions teams and next to Coast Guard, Navy and intelligence analysts."
574,I0711,Off-Market Farmland Transfer Radar,idea,Land and property facts trapped in county records,0.548,3,0,0.578,False,below cutoff,Score farm parcels likely to change hands through estates before they are ever listed.
575,I1210,Statutory Records-Portal Autopilot for Florida HOAs,signal,"Home closings, condo boards and HOAs tangled in title and records rules",0.533,4,0,0.578,False,below cutoff,An email-in service that auto-posts a small Florida condo or HOA board's required documents to a compliant owner-only portal and tracks the deadlines.
576,I0025,Ex-Sales-Rep Route Collectives for Critical-Metal Scrap,collide,Critical minerals and rare-earth supply chain recovery and provenance,0.548,3,0,0.578,False,below cutoff,Commission-only teams of laid-off SDRs and inside-sales reps that each own a territory and sign machine shops and dental and electronics labs to take-back programs for tungsten carbide and cobalt scrap. Lots are aggregated and sold directly to domestic reclaimers.
577,I0515,Lifeboat for Students of Closing Colleges,wild,Colleges and training programs under new federal loan caps and earnings tests,0.528,4,0,0.573,False,below cutoff,"A transfer-rescue service that maps every credit of a closing college's students into a receiving school's degree requirements, paid flat-fee by institutions and states, free to students."
578,I1293,Vet-Side Passport Network for Pets and Horses,wild,"Pets at risk: owner crises, shelters and transport paperwork",0.528,4,0,0.573,False,below cutoff,Give official veterinarians a certificate copilot that turns microchip-anchored records into error-free health certificates and a verifiable travel dossier that carriers and shippers can check before departure.
579,I1182,Care-First Reverse Mortgages With Locked Payouts,idea,"Home and residential care: labor supply, family caregivers and small-scale models",0.528,4,0,0.573,False,below cutoff,A care-planning broker that funds long-term care from home equity and releases the money only to verified caregivers and facilities.
580,I1019,Satellite-Armed Sprinklers With Insurer-Grade Uptime Logs,collide,Homeowners and communities losing property insurance in high-risk areas,0.543,3,0,0.573,False,below cutoff,"A satellite-backed controller that lets a homeowner arm, pre-wet and prove the working state of exterior ember sprinklers after the cell tower and power are gone."
581,I1083,Resin Swap Bureau for Shortage-Hit Molders,idea,US machine shops and reshoring manufacturers,0.528,4,0,0.573,False,below cutoff,Fast material-equivalency testing and paperwork for injection molders who must switch resin grades when supply breaks.
582,I0103,Dye-Free SKU Sprints for Walmart Suppliers,idea,Food and beverage producers facing new rules and safety risks,0.528,4,0,0.573,False,below cutoff,"Fixed-price, eight-week reformulation sprints with pooled colorant supply for mid-size suppliers facing dye deadlines."
583,I0977,Transformer Buying Co-op for Small Utilities,idea,Getting power for large loads and storage,0.528,4,0,0.573,False,below cutoff,Pool the orders of hundreds of rural co-ops and municipal utilities into one standardized spec so they can get in line together.
584,I0142,Fast-Pay Administrator for Funded Home Repair,idea,Cash-flow gaps from slow-paying institutions,0.542,3,0,0.572,False,below cutoff,"Run the paperwork and pay small contractors in days on grant- and program-funded repairs (weatherization, aging-in-place, municipal repair programs) where waitlists exist because few pros will bid."
585,I1024,Neutral Caninization Platform for Pet Antibody Drugs,idea,Wet-lab reagents and screens for AI-designed therapeutics,0.542,3,0,0.572,False,below cutoff,"A species-adaptation and developability service that lets animal-health companies without Zoetis's proprietary platform make dog, cat and horse antibody drugs."
586,I0187,Friday Programs for Four-Day School Districts,idea,"Out-of-school time, phone-free play and youth sports safety",0.542,3,0,0.572,False,below cutoff,"A turnkey 'fifth-day' care and enrichment operator that runs in existing school buildings for districts on four-day weeks, funded by parent fees and vouchers."
587,I0481,Step-Up Basis Files for Inherited Assets,idea,Executors and small probate firms drowning in estate paperwork,0.542,3,0,0.572,False,below cutoff,"Sell CPAs and estate lawyers a cheap, defensible date-of-death valuation packet for every inherited house or portfolio."
588,I0097,Insurability-at-Close Escrow for Home Listings,idea,Homeowners and communities losing property insurance in high-risk areas,0.542,3,0,0.572,False,below cutoff,"Listing agents pre-underwrite a house and price the cheapest retrofit fix before listing, so buyers stop discounting for 'uninsurable' uncertainty."
589,I0975,Publish the Obvious: Generative Prior Art vs. Patent Thickets,wild,"Small firms facing serial-plaintiff, troll and patent exposure",0.542,3,0,0.572,False,below cutoff,"Turn cheap AI generation into a defensive weapon by industrially publishing dated, enabling disclosures of every obvious variant around a product, so secondary 'evergreening' and troll patents can't be granted."
590,I1176,Harvest-Season Fab Van for Farm Machinery,wild,"Farm and ranch risks: disease, cash, storage and machinery",0.527,4,0,0.572,False,below cutoff,"A trailer with industrial printers, a small mill and lathe, and a 3D scanner that parks at grain co-ops during harvest and planting and fabricates the broken part while the farmer waits."
591,I0139,Seller-Financing Rails for Paid-Off Homeowners,idea,Repricing softening property markets,0.556,2,0,0.571,False,below cutoff,"A compliant seller-carry-in-a-box that lets free-and-clear homeowners become the bank, with underwriting, servicing, tax packaging and a note-sale exit."
592,I0099,Robotaxi Revenue-at-Risk Ratings for Airports and Cities,wild,Autonomous-vehicle fleets' ground infrastructure and stakeholders,0.537,3,0,0.567,False,below cutoff,"A quarterly exposure index and analyst service that estimates how much airport parking, meter and citation revenue, and the bonds backed by it, will erode as robotaxis scale city by city."
593,I1253,Hyperspectral Target Packs for Natural Hydrogen Explorers,wild,Novel environmental and infrastructure data from satellites and crowd-sensing,0.522,4,0,0.567,False,below cutoff,"Use newly open hyperspectral satellite data to rank licence blocks for natural hydrogen, then sell the evidence pack that helps cash-poor explorers raise money and keep their licences."
594,I0657,Real-Pixel Blink Fixer for Family Formals,persona,"Small venues, performers and event vendors",0.537,3,0,0.567,False,below cutoff,"A Lightroom/Photoshop plugin that turns a 5-frame burst of the 30-person family formal into one frame where every set of eyes is open, using only real pixels from the burst and no generated faces."
595,I1059,Public-Records Vault for City Employee AI Chats,idea,Recorded and AI-created data exposure for small firms,0.556,4,1,0.567,False,below cutoff,"Capture, retain, redact and produce every government employee's AI prompt and response as the public record it legally is."
596,I1026,Cross-Lab Calibration Plates for AI Training Data,idea,"Autonomous and AI-directed labs: infrastructure, safety and access",0.521,4,0,0.566,False,below cutoff,"Ready-to-run reference plates and normalization software that make data from different labs, robots and cloud labs comparable enough to train models on."
597,I0324,Condition-Based Kitchen Exhaust Cleaning Sensors,wild,Condition monitoring for asset owners and their service contractors,0.536,3,0,0.566,False,below cutoff,"Duct-mounted grease-film sensor pods, sold through hood-cleaning contractors, that predict when a restaurant's exhaust system actually needs cleaning and prove the cleaning was done."
598,I0675,Court-Accounting Software for Family Conservators and Executors,idea,Executors and small probate firms drowning in estate paperwork,0.569,3,1,0.566,False,below cutoff,Statement-to-court-form automation for family members who must file annual accountings for a parent under conservatorship or through probate.
599,I1248,Cash Advances Against Steam Payouts,persona,Cash-flow gaps from slow-paying institutions,0.568,3,1,0.565,False,below cutoff,"A receivables-and-ad-float lender for live Steam games, underwritten from the studio's own Steamworks wishlist and sales data instead of the game's quality."
600,I0285,Digital Legacy Setup Sold Through Wealth Advisors,wild,Adult children managing aging parents from afar,0.534,3,0,0.564,False,below cutoff,"A white-labeled 'digital safety and legacy' visit for advisors' 80+ clients, paid for by the advisor as a retention and heir-acquisition tool."
601,I0760,Municipal Trade Crews as Robot Training Data,collide,Real-world skill and object data for robot and industrial-AI builders,0.534,3,0,0.564,False,below cutoff,"A cooperative that licenses consented, privacy-scrubbed first-person footage of city public-works and utility crews doing real skilled work to robotics labs, with revenue shared to the city and the union's training fund."
602,I0941,Prize-Money Payout and Tax Withholding for Sports Tours,collide,Cross-border money movement and stablecoin rails,0.547,2,0,0.562,False,below cutoff,"A payout engine for pro-am tours and event organizers that KYCs athletes, collects tax forms, withholds correctly on nonresident winners, files the paperwork, and pays in local currency or stablecoin within 24 hours instead of on a 60-day wire."
603,I0470,Findings Sentinel: A Nurse Tracks Your Scan Follow-Ups,wild,Follow-up gaps and anxiety after consumer scans and mega-panels,0.531,3,0,0.561,False,below cutoff,"What a concierge doctor really sells is closed loops: someone reads every report and owns the follow-up; for $20/mo, a nurse-in-the-loop sentinel makes sure your incidental scan findings do not fall through the cracks."
604,I0340,Mid-Term Premium True-Down for Shrinking Payrolls,wild,Small trade and service firms underpricing and leaking margin,0.5,5,0,0.56,False,below cutoff,"Monitor payroll against the estimate on a small business's workers' comp and liability policy, and file mid-term endorsements to cut inflated installments and misclassified codes."
605,I0140,Battery EPR Desk for E-Mobility Importers,idea,"Recycling quality, distressed capacity and battery/EPR compliance",0.5,5,0,0.56,False,below cutoff,"A retainer compliance service that registers, reports and budgets for battery EPR on behalf of small e-bike, scooter and power-station brands."
606,I0055,Thermal Commons on Failed Golf Courses,wild,Utilities avoiding costly network upgrades with distributed flexibility,0.514,4,0,0.559,False,below cutoff,Turn shuttered golf courses into shared geothermal borefields that heat and cool the neighborhoods that already surround them.
607,I1311,Live Doom-Pile Sessions for Avoided Paperwork,wild,Households in debt distress,0.514,4,0,0.559,False,below cutoff,"A scheduled video session where a calm, admin-savvy host sits with you while you open the unopened mail pile, triages it, and gets the scary items handled before you hang up."
608,I0968,Restaurant Kitchens as Chefs for Small Care Homes,persona,"Restaurants' idle hours, used oil and credit risk",0.528,3,0,0.558,False,below cutoff,"License a turnkey program that lets restaurants use dead hours to cook dietitian-approved, texture-modified meals for 6-20 bed assisted-living and adult-family homes that big foodservice ignores."
609,I0391,Stomach-Ready: GLP-1 Protocols for Endoscopy Centers,wild,"GLP-1 patients' transitions: procedures, medication changes, quitting and aftercare",0.528,3,0,0.558,False,below cutoff,"An intake, coaching and point-of-care gastric ultrasound service that stops GLP-1 patients from turning up to endoscopy with a full stomach and getting cancelled on the table."
610,I0164,Pickleball Noise Measurement Standard and Monitoring,idea,"Independent gyms, studios and racquet venues",0.528,3,0,0.558,False,below cutoff,"A court-defensible protocol, sensor kit and certification for measuring pickleball noise, sold to towns, HOAs and clubs."
611,I1201,Human Failover Retainer for Agent-Run Businesses,wild,"AI builders' dependency risk: model retirement, cost blowouts and platform death",0.528,3,0,0.558,False,below cutoff,"Backup-generator economics for know-how: a retained, drilled bench of human operators that takes over within hours when a company's AI agents fail."
612,I0085,After-Death Home Reset for Hospice Families,persona,"Hospice, dying and the first weeks of bereavement",0.542,2,0,0.557,False,below cutoff,"A two-person crew that returns the house to normal within 48 hours of a home hospice death: bed out, meds destroyed, room restored, memory box packed."
613,I0343,Code-Cleared Church Space for Microschools,wild,"Microschools, homeschoolers and shrinking districts",0.511,4,0,0.556,False,below cutoff,"Pair congregations with empty classroom wings and microschool or childcare operators, and sell the missing piece: pre-cleared zoning, fire and licensing paths."
614,I0222,Loss-Draft as a Service for Servicers,idea,"Flood and fire survivors: mapping, buyouts, claims and rebuilding",0.495,5,0,0.555,False,below cutoff,"After a hail or wildfire claim, insurer money is trapped in slow servicer loss-draft processes. Digitize milestone releases so contractors get paid in days, not months."
615,I1088,Alt-Data From AI-Training Gig Workers,idea,"Investors, lenders and venues wanting real-economy ground truth",0.495,5,0,0.555,False,below cutoff,"A worker-owned pay-transparency panel for expert data contractors. Its aggregated signals on which domains are hiring, what they pay and how many hours exist become a leading-indicator dataset for investors and rival platforms."
616,I1160,A Private IRIS for States and Utilities,idea,"PFAS exposure, testing and disposal",0.539,2,0,0.554,False,below cutoff,"A consortium of former EPA toxicologists that sells open, peer-reviewed health-risk assessments (nitrate, PFAS mixtures) to state agencies, utilities, insurers and courts."
617,I1087,Price-Raise Autopilot for One-Person Service Firms,idea,Small trade and service firms underpricing and leaking margin,0.528,5,1,0.554,False,below cutoff,"Find the underpriced clients in a solo operator's own invoice history and execute personalized price increases, paid as a share of the uplift."
618,I0047,Regulator-Grade Black Box for Collections Voice Agents,collide,"Proving AI controls and human review to insurers, auditors and clients",0.528,5,1,0.554,False,below cutoff,"A vendor-neutral audit layer that records, checks and attests every AI collections call so lenders can prove the bot behaved."
619,I0997,Memory Budget CI for Game Studios,idea,Independent game studios and creator businesses,0.524,3,0,0.554,False,below cutoff,"CI tooling and fixed-fee audits that enforce RAM and VRAM budgets per target device, because the assumption that hardware gets better each generation just broke."
620,I0726,Certified Coder Audit Pods for Autonomous Coding,idea,"Proving AI controls and human review to insurers, auditors and clients",0.528,5,1,0.554,False,below cutoff,"Displaced medical coders, organised as credentialed audit pods, provide the sampled human sign-off that lets hospitals trust autonomous coding AI to submit claims."
621,I0623,Safe-Deposit Box Successor With Heir Protocol,wild,Executors and small probate firms drowning in estate paperwork,0.522,3,0,0.552,False,below cutoff,"A bonded, insured vault subscription for original wills, deeds, titles, seed-phrase backups and heirlooms, with a scripted release protocol for heirs, sold through estate attorneys as the bank box disappears."
622,I0274,Cancellation Compliance for Regional Gym Chains,idea,"Independent gyms, studios and racquet venues",0.554,3,1,0.551,False,below cutoff,A drop-in cancel-and-freeze portal that meets each state's auto-renewal rules and writes straight into the billing system.
623,I0545,Pharma Load Attribution for EU Producer-Pays Wastewater,collide,"Recycling quality, distressed capacity and battery/EPR compliance",0.49,5,0,0.55,False,below cutoff,"A neutral, audit-grade dataset showing which drugs from which producers, in which aging catchments and care homes, create the micropollutant load that EU pharma companies must now pay at least 80% of treatment for."
624,I0003,Flat-Fee Authenticity Reports for Family-Law Attorneys,idea,Defensible authenticity evidence for disputed digital media,0.583,3,2,0.547,False,cliché (2+ judges),"48-hour, court-ready analyses of disputed audio, video and screenshots at $400-900, instead of $10K expert engagements."
625,I0634,Trusted Firmware for Chinese-Made Robots,idea,Deploying robots in the real world,0.531,2,0,0.546,False,below cutoff,"A security-audited, network-isolated software and attestation layer that lets US labs, utilities and cities legally buy and run cheap Unitree-class robots."
626,I0783,Exit Desk for Orphaned Local-Marketing Assets,idea,Small trade and service firms underpricing and leaking margin,0.486,5,0,0.546,False,below cutoff,"A fixed-price service that finds, takes back and migrates the domain, listing, phone numbers and ad accounts locked inside shrinking legacy marketing vendors."
627,I0001,"Bank-Accepted $1,500 Diligence for Main Street Deals",collide,Trade-shop succession and buyouts,0.5,4,0,0.545,False,below cutoff,"A fixed-price, CPA-signed mini quality-of-earnings pack that brokers attach to sub-$1M business listings so SBA lenders and first-time buyers can close deals that currently die at diligence."
628,I0058,Payee-Verification Network for the Live Music Business,collide,Small firms and property managers defending against fraud and impersonation,0.5,4,0,0.545,False,below cutoff,"A shared, industry-vouched directory of who is really entitled to be paid in the touring economy (agencies, promoters, venues, production vendors), checked before every deposit wire."
629,I0089,Telemetry-Underwritten Credit for Defense Sub-Tier Shops,collide,New defense and drone suppliers: compliance and financing hurdles,0.5,4,0,0.545,False,below cutoff,"Plug low-cost MTConnect adapters into shop CNC machines to create tamper-evident proof of utilization and surge capacity that unlocks equipment loans and rated-order credit lines, and gives primes the capacity data they lack."
630,I1275,Advancement Ledger for Parents Funding Jobless Kids,collide,Making family estate plans fair and contest-proof,0.5,4,0,0.545,False,below cutoff,"A living ledger plus a state-specific estate addendum that records what Boomer parents advance to struggling adult children, so the inheritance later comes out fair and siblings do not end up in court."
631,I0273,RouteRx: Pharmacy Delivery on Co-op Fuel Routes,persona,"Independent pharmacies squeezed by PBMs, refund floats and deserts",0.514,3,0,0.544,False,below cutoff,"Piggyback prescription and essentials delivery onto the propane, fuel and feed routes that already pass most rural households, so surviving independent pharmacies can serve people the chains just abandoned."
632,I0492,Carrier Watchtower: Insurer Failure Alerts for Lenders,idea,Homeowners and communities losing property insurance in high-risk areas,0.514,3,0,0.544,False,below cutoff,"Early-warning scores on the thinly capitalized insurers behind mortgage collateral, sold to servicers before the next carrier failure."
633,I1155,Water Due Diligence for Small-Business Acquisitions,collide,Water scarcity: irrigation allocation and new supply,0.514,3,0,0.544,False,below cutoff,"A 5-day, fixed-price water-risk report for buyers, lenders and brokers of car washes, farms, RV parks, breweries and other water-dependent small businesses, plus a sell-side 'water-ready' file."
634,I0734,Slop-Rating Feed for Kids' Filters,idea,"Parents and adults managing phones, screens and AI toys",0.514,3,0,0.544,False,below cutoff,"A channel- and app-level data feed that classifies children's content as verified human-made, AI slop or unknown, sold to school web filters and kids' hardware."
635,I0803,Clinician-Prescribed AI Social Practice for Kids,idea,"K-12 districts' legal service duties: IEPs, attendance, nutrition and Title I",0.514,3,0,0.544,False,below cutoff,"A bounded, transcript-visible role-play partner that speech-language pathologists prescribe to autistic and socially anxious kids, sold to districts that are legally obliged to deliver therapy minutes."
636,I0191,H.264 Royalty Sunset Desk for Streamers,signal,"Small firms facing serial-plaintiff, troll and patent exposure",0.514,3,0,0.544,False,below cutoff,"A country-by-country patent-expiry analysis and codec-delivery plan that cuts H.264/AVC streaming royalty exposure for mid-tier video services, paid partly on savings."
637,I0198,Pre-Dawn Childcare Pods for Construction Crews,collide,"Childcare shortage: providers, buildings and employer funding",0.514,3,0,0.544,False,below cutoff,"Contractors buy reserved 5:00am-4:00pm childcare slots near job sites from licensed home providers, so crews can start at 6am without losing parents."
638,I1268,Borrowing-Base Verification for Recycler Lenders,idea,Lenders and investors unable to verify collateral exists,0.499,4,0,0.544,False,below cutoff,A drone-and-assay 'borrowing base as a service' that lets specialty lenders finance recyclers against verified inventory.
639,I1037,Contingency Subrogation Forensics for Robot Accidents,wild,Cover and data for emerging or neglected risks,0.514,3,0,0.544,False,below cutoff,"CCC-for-robots: a forensic recovery shop that turns warehouse-robot, AV and drone logs into fault-apportioned recovery demands for the insurers who already paid the claim."
640,I0009,Collective Anti-Piracy Desk for 3D-Print Miniature Creators,collide,Creators proving authorship and stopping unauthorized AI use of their work,0.514,3,0,0.544,False,below cutoff,"A creator-owned enforcement collective that fingerprints STL/3D-print models, hunts leaks across Telegram, Discord and marketplaces, and uses EU Digital Services Act notice, trusted-flagger and appeal rights to make takedowns stick."
641,I0478,Phage Red-Teaming and Immunity Stacks for Fermenters,idea,Singular / uncategorized,0.542,1,0,0.542,False,below cutoff,"Penetration-test production strains with adversarially evolved phages, then harden them with stacked, AI-selected anti-phage defenses."
642,I0672,Shared Effluent Utility for Depot Industrial Parks,collide,US machine shops and reshoring manufacturers,0.494,4,0,0.539,False,below cutoff,"A common effluent treatment plant, sold by the gallon, for reshoring tenants at converted military depots and industrial parks."
643,I0024,Microschool Compliance Kit With Built-In Insurance,idea,"Microschools, homeschoolers and shrinking districts",0.528,4,1,0.539,False,below cutoff,"State-by-state registration, safeguarding, ESA and scholarship vendor onboarding, records and liability insurance sold as one subscription to microschool founders."
644,I0254,Won-Bid Price Benchmark Co-op for Cleaners,signal,Small trade and service firms underpricing and leaking margin,0.512,5,1,0.539,False,below cutoff,"An anonymous give-to-get database of what jobs actually sold for, so specialty cleaners and similar trades can price with market data instead of cost-plus calculators."
645,I0779,Dixie Flatline for Retiring Plant Operators,wild,Real-world skill and object data for robot and industrial-AI builders,0.542,3,1,0.538,False,below cutoff,"Neuromancer's Dixie Flatline (a dead expert preserved as a consultable construct) built for retiring water and plant operators, with consent, clip-grounded answers and royalties paid to the expert."
646,I1014,AI-Run Cardiometabolic Care at ACCESS Prices,idea,Preventive and longevity care outside conventional insurance,0.542,3,1,0.538,False,below cutoff,"An AI-first, pharmacist-supervised chronic-care program engineered to profit at Medicare ACCESS payment rates that break human-coach models."
647,I0327,Hotel Strike Early-Warning for Event Planners,idea,"Overtouristed destinations, tour operators and independent hotels",0.52,2,0,0.535,False,below cutoff,"A subscription database and parametric cover that tells meeting and group planners which contracted hotels' labour contracts expire before their event, and pays out if a strike hits."
648,I0395,Teleoperated Trenching Crews for Infill Lots,idea,Teleoperated labor and remote pilot workforces,0.505,3,0,0.535,False,below cutoff,"A control room of remote operators driving retrofitted compact excavators and skid steers on residential lots (utility trenching, pad grading, backfill), sold per linear foot."
649,I0115,Off-the-Record Governance for AI Meeting Transcripts,persona,Recorded and AI-created data exposure for small firms,0.556,4,2,0.534,False,cliché (2+ judges),"A policy layer over Zoom, Teams and Meet notetakers that decides what becomes 'the record'. It auto-pauses for privileged talk, purges verbatim transcripts once counsel-approved minutes are certified, and blocks unauthorized bots."
650,I1138,Independent Inspections for AI-Built Software,idea,Recorded and AI-created data exposure for small firms,0.556,4,2,0.534,False,cliché (2+ judges),"A third-party inspection-and-certificate service, staffed by displaced senior engineers, that tells buyers, lenders and insurers what is really inside AI-generated apps before money changes hands."
651,I1091,NOI Haircut Reports for Multifamily Underwriting,idea,Repricing softening property markets,0.518,2,0,0.533,False,below cutoff,"A 24-hour diligence report that restates a multifamily property's NOI for real concessions, renewal cliffs and banned fee income, sold to the lenders and buyers who will feel it first."
652,I0459,Court-Rules MCP Server With a Deadline Warranty,idea,"Small litigation practices lacking evidence, records and benchmark tools",0.569,3,2,0.533,False,cliché (2+ judges),"Effective-dated, human-verified court rules, judge standing orders and deadline math for one state at a time, exposed to any AI agent, with fee credits if a computed deadline is wrong."
653,I0755,Pooled Tariff-Surcharge Refund Claims for Small Buyers,wild,Recovering IEEPA tariff refunds and surcharges,0.472,5,0,0.532,False,below cutoff,"Connect to small businesses' accounting data, find tariff surcharges they paid distributors, and pool their claims against the same suppliers now receiving IEEPA refunds."
654,I1219,Flight Recorder for AI-Drafted Police Reports,collide,"Proving AI controls and human review to insurers, auditors and clients",0.472,5,0,0.532,False,below cutoff,"Vendor-agnostic middleware that captures the AI draft, every officer edit and timestamp, then issues a court-ready authorship record, the process-based 'human-made' proof creators lack, so prosecutors will accept AI-assisted reports."
655,I0170,Vape Amnesty: Hazmat Pickup Funds Teen Quitting,collide,"Recycling quality, distressed capacity and battery/EPR compliance",0.472,5,0,0.532,False,below cutoff,"Turn the disposable vape from a fire-prone hazmat problem into the top of a cessation funnel: collect vapes at schools and clinics, send the lithium cells to domestic black-mass buyers, and enroll every person who drops one off in a paid quit program."
656,I0311,"Certify Overseas Eldercare, Insure the Trip Home",idea,"Home and residential care: labor supply, family caregivers and small-scale models",0.486,4,0,0.531,False,below cutoff,"An independent audit standard, trial-stay program and medevac-backed membership for Americans moving parents into care in Mexico, the Philippines or Thailand."
657,I0373,Cooler-Door Pivot for THC Beverage Brands,signal,Food and beverage producers facing new rules and safety risks,0.486,4,0,0.531,False,below cutoff,"A 45-day pivot studio that moves hemp-THC drink and gummy brands into compliant functional products under their existing distributor and retailer slots, plus a per-container THC ledger for distributors and retailers."
658,I0390,Independent-Pricing Ledger for Algorithmic Antitrust Risk,wild,"Buyers unable to verify vendor, algorithm or AI-safety claims",0.486,4,0,0.531,False,below cutoff,"A neutral logbook beside revenue-management software that proves humans set rents and room rates independently, and doubles as the underwriting file for algorithmic-collusion defense cover."
659,I1264,Owner-Download: Capture Tacit Knowledge Before Sale,idea,"Owner wind-down, sudden death and tacit-knowledge handoff",0.486,4,0,0.531,False,below cutoff,"Passively capture 60-90 days of an owner's calls, messages and jobs into a transferable playbook and a question-answering agent for the buyer."
660,I0084,Buy the Restaurant Alley: Used-Oil Route Roll-Up,wild,"Restaurants' idle hours, used oil and credit risk",0.567,3,2,0.53,False,cliché (2+ judges),"Consolidate small used-cooking-oil haulers into one AI-run route business, then sell every other mandated back-of-restaurant service from the same truck."
661,I0178,Paid Neighbor Walking Routes for Absent Kids,persona,"K-12 districts' legal service duties: IEPs, attendance, nutrition and Title I",0.5,3,0,0.53,False,below cutoff,"Hire retired neighbors and parents as paid 'route captains' who walk or wake up chronically absent kids on fixed blocks, and get paid a share of the funding that the recovered attendance brings back."
662,I0106,Provider-in-Residence: Vacant Units Become Childcare,collide,"Childcare shortage: providers, buildings and employer funding",0.5,3,0,0.53,False,below cutoff,"Convert vacant ground-floor apartments in lease-up buildings into licensed family child care homes run by vetted early-educator residents, paid for out of the landlord's existing concession budget."
663,I0789,Mailed Proof Books for Grandparents Who Buy Prints,persona,"Small venues, performers and event vendors",0.5,3,0,0.53,False,below cutoff,"Turn a wedding gallery into a personalized printed booklet, mailed to each grandparent and parent with a phone number to order prints, because the people who actually pay for wedding prints never click gallery links."
664,I1071,ARIA Watch: Aide Eyes for Alzheimer's Drug Clinics,persona,Dementia and Alzheimer's care at home and in memory care,0.5,3,0,0.53,False,below cutoff,"A 60-second daily safety check done by the home aide or family for patients on anti-amyloid drugs, flagging the subtle change that precedes brain-swelling side effects, sold to the memory clinic that prescribes them."
665,I0826,Landing Fund: Sweden's Layoff Council for US Employers,wild,"Employers restructuring for AI: layoffs, severance and displaced workers",0.5,3,0,0.53,False,below cutoff,"Employers pay about 0.3% of payroll into a pooled transition fund that gives every laid-off employee case management, retraining money and bridge pay, so companies can restructure without severance drama."
666,I0940,Work-Share Desk: Kurzarbeit for American Employers,wild,"Employers restructuring for AI: layoffs, severance and displaced workers",0.5,3,0,0.53,False,below cutoff,"Administer state short-time compensation for mid-size employers so they can cut hours 20-40% instead of laying off skilled staff, with workers drawing pro-rated unemployment benefits."
667,I0960,After-School Care Inside Senior Living Communities,collide,"Out-of-school time, phone-free play and youth sports safety",0.5,3,0,0.53,False,below cutoff,"Turn senior living's empty afternoon dining rooms into licensed school-age programs where residents are reading, repair and garden 'buddies', funded by parent tuition, operator economics and loneliness-intervention budgets."
668,I0549,Multi-Rail Cash-Flow Underwriting After UPI Fees,idea,Informal finance and payment frictions in emerging markets,0.484,4,0,0.529,False,below cutoff,"When UPI stops being free for big tickets, reconstruct small-merchant revenue from GST, bank and supplier data instead of UPI alone."
669,I0827,Mindbody Escape Hatch: Studio Migration Concierge,idea,"Independent gyms, studios and racquet venues",0.498,3,0,0.528,False,below cutoff,"A flat-fee service that moves a studio's members, class packs and payment tokens off Mindbody without losing revenue."
670,I0207,FTC Review-Rule Audits for Franchisors,idea,Singular / uncategorized,0.528,1,0,0.528,False,below cutoff,"Fixed-fee audits that find review gating, incentivised reviews and insider reviews across a franchisor's or dealer group's locations, and in the reputation vendors doing it for them."
671,I0850,"Spindle-Hour Options: Reserve Capacity, Skip Inventory",idea,US machine shops and reshoring manufacturers,0.481,4,0,0.526,False,below cutoff,Standardized capacity-reservation contracts that let OEMs hedge supply risk by paying a small premium for guaranteed machining hours.
672,I0847,Human Reach Audits for Newsletter and Podcast Sponsors,idea,Trusted online signals from verified real people,0.496,3,0,0.526,False,below cutoff,Bot- and agent-scrubbed reach certificates that let honest newsletters and podcasts charge sponsors for verified human eyeballs.
673,I0056,"Recorded Parent Voices, Endowed to Outlive Us",persona,"Hospice, dying and the first weeks of bereavement",0.51,2,0,0.525,False,below cutoff,"Guided, human-only voice and video milestone messages for the children of dying parents, with the hosting prepaid so the recordings outlive the company."
674,I0134,Fire-Season Vaults for Fandom Collectors,collide,Homeowners and communities losing property insurance in high-risk areas,0.495,3,0,0.525,False,below cutoff,"Red-Flag-Warning-triggered pickup and insured off-site storage for graded cards, comics, sealed games and memorabilia kept in wildfire-zone homes."
675,I0455,Voice-Clone-Proof Verbal Deals for Grain and Cattle,collide,Small firms and property managers defending against fraud and impersonation,0.479,4,0,0.524,False,below cutoff,A two-channel confirmation step and verified-payee ledger that makes phone-and-handshake commodity deals safe from cloned voices and redirected payments.
676,I1296,Auto-to-Defense Conversion Accelerator for Tier-2 Suppliers,idea,New defense and drone suppliers: compliance and financing hurdles,0.51,4,1,0.522,False,below cutoff,A fixed-price certification package plus matched RFQs that turn idle auto-parts plants into qualified defense and aerospace suppliers.
677,I0189,Fraud-Proof Sourcing for the Dye-and-Whey Scramble,collide,Food and beverage producers facing new rules and safety risks,0.476,4,0,0.521,False,below cutoff,"A concierge service that authenticates certificates of analysis, brokers and supplier identities for supply-short ingredients such as natural colors and whey."
678,I0921,"Buy Oil-Heat Dealers, Sell Heat Pumps",wild,Trade-shop succession and buyouts,0.542,4,2,0.52,False,cliché (2+ judges),"Acquire retiring Northeast heating-oil dealers for their loyal customers and boiler-failure moments, run the fuel business as a cash annuity, and convert customers to heat pumps."
679,I1006,Reverse Mzigo: Parents' Farm Feeds Nairobi Kids,persona,Smallholders and rural households in emerging markets,0.475,4,0,0.52,False,below cutoff,"A weekly, consolidated truck route that moves food from rural parents' farms to their own adult children in Nairobi estates, paid by the children, turning an informal favour into a subscription that gives parents a dignified monthly income."
680,I0330,Flooded Homeowners Meet Wetland Mitigation Buyers,wild,"Flood and fire survivors: mapping, buyouts, claims and rebuilding",0.458,5,0,0.518,False,below cutoff,Match repeatedly flooded homeowners who want out with wetland and stream mitigation bankers who need floodplain land and can pay faster than federal buyouts.
681,I0150,Lot-Level Reagent Reliability Oracle for Buyer Agents,collide,Wet-lab reagents and screens for AI-designed therapeutics,0.486,3,0,0.516,False,below cutoff,"A neutral, pooled 'Carfax for reagent lots' that tells human and agent buyers whether this specific lot of serum, Matrigel, antibody or PBMC has worked in other labs before they order it."
682,I0419,Repair-Rights Compliance Portal in a Box,idea,EU digital product laws for small connected-device makers,0.504,4,1,0.516,False,below cutoff,"A hosted repair.yourbrand.com that publishes the parts lists, manuals, pricing and order forms that US state and EU repair laws require, plus the rules engine and audit trail behind it."
683,I1112,911 Dispatch Layer for Autonomous Fleets,collide,Autonomous-vehicle fleets' ground infrastructure and stakeholders,0.486,3,0,0.516,False,below cutoff,"A RapidSOS-style shared layer inside police and fire dispatch tools that lets first responders instantly direct, reach and cite any autonomous vehicle, truck, delivery robot or drone fleet."
684,I1277,Recovering Tariff Surcharges Small Buyers Already Paid,collide,Recovering IEEPA tariff refunds and surcharges,0.456,5,0,0.516,False,below cutoff,"Contingency-fee forensic audits of supplier invoices that find the explicit 'tariff surcharge' lines small retailers, contractors and restaurants paid in 2025, and turn them into evidence packets while importers hold the refund money."
685,I0692,Rate-Leak Evidence Packs for Independent Hotels,collide,"Overtouristed destinations, tour operators and independent hotels",0.5,2,0,0.515,False,below cutoff,"Mystery-shopping plus payout reconciliation that proves when OTA and reseller channels sold below the rate a hotel loaded, packaged as evidence for claims and regulator complaints."
686,I0358,Turn Gray-Market Retatrutide Demand Into Trial Enrollment,idea,"Access, affordability and supply integrity for GLP-1 and compounded drugs",0.5,2,0,0.515,False,below cutoff,"Intercept people searching to buy unapproved obesity drugs and route them, screened, to active trials that pay by the qualified referral."
687,I0537,Safety Compliance-as-a-Service for Robot Deployments,idea,Deploying robots in the real world,0.5,2,0,0.515,False,below cutoff,"A standing team plus software that produces the risk assessments, safety validation and insurer paperwork every facility needs before deploying AMRs, cobots or humanoid pilots."
688,I0504,Golden-Hour Payment Recall Desk for Small Firms,idea,Banks and platforms disrupting scam networks and recovering victims' funds,0.5,2,0,0.515,False,below cutoff,"A 24/7 retainer that runs the first 60 minutes after a fraudulent payment: bank fraud desks, recall requests and freeze filings, using a pre-built bank contact book."
689,I1144,Alpha-Gal-Safe Pharmacy With Verified Ingredient Sourcing,persona,Singular / uncategorized,0.514,1,0,0.514,False,below cutoff,"A cash-pay pharmacy and lookup service that tells tick-allergy (alpha-gal) patients which pill in their cabinet is safe, by NDC and lot, and compounds the ones that are not."
690,I1067,All-In Site Quotes for Chassis-Free Homes,idea,"Small builders' crew coordination, permits and speed",0.469,4,0,0.514,False,below cutoff,"Type a parcel address, get a fixed-price foundation, utility-hookup and permit package for a factory-built home, delivered by a local crew network."
691,I0393,ILIT Rescue After the Estate-Tax Cliff Disappeared,idea,Singular / uncategorized,0.514,1,0,0.514,False,below cutoff,"A paid, documented review of irrevocable life insurance trusts built to pay estate tax that most families will never owe."
692,I1127,Accessible Council Packets Pipeline,idea,"City and county governments: thin staff, grants and vendor oversight",0.518,3,1,0.514,False,below cutoff,"An automated pipeline that makes every agenda packet, staff report and PDF a city publishes accessible on arrival, ahead of the ADA Title II deadline."
693,I1116,Peak-Window Uptime Plans for Fishing Boats,persona,Fisheries and ecosystem-service operators,0.499,2,0,0.514,False,below cutoff,"A seasonal membership that pre-stages each boat's likely failure parts and rebuilt swap components in the harbor, provides RSW and hydraulic mechanics on call, and later adds a paid lost-peak-days cover."
694,I1142,Neutral Referee Network for Drone Delivery Noise,wild,Novel environmental and infrastructure data from satellites and crowd-sensing,0.469,4,0,0.514,False,below cutoff,"A $40 Remote-ID-plus-microphone puck network that logs every delivery-drone overflight, becoming the neutral record in neighborhood noise fights."
695,I1080,Add Megawatt-Hours to Already-Interconnected Batteries,idea,Getting power for large loads and storage,0.5,4,1,0.512,False,below cutoff,"The queue limits megawatts, not megawatt-hours, so sell cheap add-on energy blocks to existing 2-hour battery and solar sites that already own the grid connection."
696,I1213,"CPAP Off-Ramp: Retire Machines, Refurbish for Uninsured",collide,"GLP-1 patients' transitions: procedures, medication changes, quitting and aftercare",0.482,3,0,0.512,False,below cutoff,"Re-test sleep apnea at each weight-loss milestone, help patients who have gone into remission safely come off CPAP, and refurbish the retired machines for the newly uninsured."
697,I0719,Outfall Guardian for Data-Center Construction Sites,idea,"Data center build quality, commissioning and waste-heat reuse",0.482,3,0,0.512,False,below cutoff,"Continuous outfall monitoring, rapid pathogen testing and auto-generated permit paperwork for contractors building data-center campuses and fabs."
698,I1119,Captive Insurer for Hardened Mountain Communities,idea,Homeowners and communities losing property insurance in high-risk areas,0.481,3,0,0.511,False,below cutoff,A group cell captive where associations with verified wildfire hardening share first-loss and reinsurance capital.
699,I0203,Diabetes Desk: Remote Glucose-Curve Review for Clinics,idea,"Veterinary practices: capacity, workforce, diagnostics and drugs",0.514,3,1,0.511,False,below cutoff,"CGMs and once-daily insulins made diabetic pets manageable at home, but nobody owns the workflow; sell clinics an outsourced desk that reads curves and proposes titrations for the DVM to approve."
700,I0620,Live-In Guardians for Probate Houses,wild,"Houses caught in death, divorce or care transitions",0.451,5,0,0.511,False,below cutoff,"Vetted live-in 'guardians' keep a house occupied while an estate is in probate, so the executor keeps insurance validity, avoids vacancy losses and pays less than for a vacant-home policy."
701,I0054,Tooling Hostage: Repatriate Molds and Dies,idea,US machine shops and reshoring manufacturers,0.464,4,0,0.509,False,below cutoff,"Extract molds, dies and fixtures from Asian suppliers, refurbish them, and re-home them with US or nearshore shops."
702,I0983,Thermal Safety Certification for Recovery Studios,idea,Recovery-studio and peptide businesses needing safety evidence and insurability,0.492,2,0,0.507,False,below cutoff,"Staff certification, medication-aware intake screening and water-quality logging that insurers will soon require of sauna and cold-plunge operators."
703,I0651,AI Coverage Buy-Back Packs for Insurance Agents,signal,"Proving AI controls and human review to insurers, auditors and clients",0.514,5,2,0.507,False,cliché (2+ judges),An intake that turns a small business's AI usage into an underwriter-ready 'AI use and guardrails' package so its insurer will restore the coverage it just excluded.
704,I1150,Booth-Day Cover: Weather-Out Insurance for Vendors,wild,Fast parametric cash for weather and disaster shocks,0.458,4,0,0.503,False,below cutoff,"A $5-$15 add-on at booth-application checkout that pays vendors their booth fee plus a loss tier when rain, wind, heat or smoky air wrecks an outdoor event day."
705,I0180,Jobs-per-Megawatt Factory Recruiting for Public Power,collide,US machine shops and reshoring manufacturers,0.458,4,0,0.503,False,below cutoff,"Represent municipal electric utilities in recruiting manufacturers by packaging spare feeder capacity, in-hand transformers and industrial rates into a 'jobs per megawatt' pitch that data centers cannot match."
706,I1065,Independent Accuracy Certification for Wearable Health Claims,idea,"Buyers unable to verify vendor, algorithm or AI-safety claims",0.458,4,0,0.503,False,below cutoff,"A third-party lab that certifies wearable metrics (HRV, sleep staging, BP trends) now that the FDA has stepped back, funded by makers and trusted by buyers."
707,I0533,Displaced Insurance Agents Become Rooftop Solar Navigators,collide,"Households upgrading homes: electrification, roofs and solar loans",0.458,4,0,0.503,False,below cutoff,"Recruit the micro-agents wiped out by India's proposed insurance commission cuts as the trust-and-paperwork channel for rooftop solar, batteries and induction retrofits, paid per install by installers and lenders."
708,I0384,Unstaffed Overnight ICU for Vet Clinics,idea,"Veterinary practices: capacity, workforce, diagnostics and drugs",0.472,3,0,0.502,False,below cutoff,"Radar-based contactless vitals and camera analytics let general practices keep IV-fluid and post-op patients overnight without a 24-hour staff, easing ER transfers and ER overload."
709,I0177,School Deepfake-Nude Incident Response Retainer,idea,"K-12 districts' legal service duties: IEPs, attendance, nutrition and Title I",0.472,3,0,0.502,False,below cutoff,"A 24/7 retainer that walks school districts through the first 72 hours of an AI-generated nude incident: hash-based takedowns, evidence handling, reporting duties and parent communications."
710,I0098,Code-Upgrade Packages for Home Daycares,collide,"Childcare shortage: providers, buildings and employer funding",0.472,3,0,0.502,False,below cutoff,"Fixed-price, state-specific remodel packages plus permit navigation that help licensed in-home daycares climb to the next capacity tier, for example 6 to 12 kids."
711,I0874,Pickleball Court Noise Pre-Clearance Reports,signal,"Independent gyms, studios and racquet venues",0.472,3,0,0.502,False,below cutoff,"Standardized acoustic siting reports and low-cost monitoring loggers that let HOAs, senior communities and parks approve or defend pickleball courts before neighbors sue."
712,I1237,Powered Public Land Brokerage for Robotaxi Depots,collide,Autonomous-vehicle fleets' ground infrastructure and stakeholders,0.472,3,0,0.502,False,below cutoff,"A broker that matches autonomous-fleet operators to cities' already-energized, under-used land such as transit depots, fleet yards and city garages, on leases that trade concessions cities value."
713,I0059,Corner-Shop Human Fallback for Age Assurance,wild,Youth online safety and age-assurance compliance for small platforms,0.487,2,0,0.502,False,below cutoff,"A network of licensed retailers that check ID in person and mint reusable, privacy-preserving age credentials, sold to age-assurance vendors and platforms as the human appeal layer."
714,I1185,Appeal Kits for Musicians Wrongly Flagged as AI,idea,Creators proving authorship and stopping unauthorized AI use of their work,0.472,3,0,0.502,False,below cutoff,"A DAW-side watcher that quietly notarizes your project history, so a wrongful 'AI' flag becomes a one-click appeal instead of a lost royalty stream."
715,I0697,Result-Loop Desk for Scan and Lab Startups,idea,Follow-up gaps and anxiety after consumer scans and mega-panels,0.472,3,0,0.502,False,below cutoff,"An outsourced nurse-and-radiologist desk that closes the loop on abnormal results from full-body scans, MCED tests and mega-panels."
716,I0974,Solar Battery Warranty-Claim Recovery Desk,idea,Warranty claims left unfiled,0.472,3,0,0.502,False,below cutoff,Pool failed-battery claims from small African installers and enforce them against Chinese manufacturers for a share of recovered value.
717,I0446,Farm-to-Factory Water Supply Assurance,collide,Water scarcity: irrigation allocation and new supply,0.472,3,0,0.502,False,below cutoff,"A diligence-plus-settlement service that sells expanding plants a permit-grade, verified acre-foot supply by leasing fallowed farm water in drought-stressed Western basins."
718,I0262,PFAS Turf Audits and Replacement Planning,idea,"PFAS exposure, testing and disposal",0.486,2,0,0.501,False,below cutoff,Field-by-field PFAS and regulatory risk audits plus replacement bid packages for school districts and parks departments with aging synthetic turf.
719,I1165,Robot Bullies: Paid Adversarial Pedestrian Panels,wild,Deploying robots in the real world,0.486,2,0,0.501,False,below cutoff,"A vetted panel of paid 'difficult humans' who kick, block, crowd and confuse sidewalk robots and humanoids on a controlled test range, so robot makers find their failures before the public does."
720,I0639,Sensor-Priced Insurance for Recovery and Peptide Clinics,collide,Recovery-studio and peptide businesses needing safety evidence and insurability,0.486,2,0,0.501,False,below cutoff,"A specialty insurance program that covers contrast-therapy studios, IV and peptide bars and sauna clubs at lower premiums when their sauna, cold-plunge and session logs are streamed as underwriting data."
721,I0027,Bind-Ready Binder for Florida Condo Boards,idea,"Home closings, condo boards and HOAs tangled in title and records rules",0.486,4,1,0.498,False,below cutoff,"One package that coordinates inspections, reserve study and appraisal into a carrier-ready submission, then places the master policy."
722,I0414,Sponsor-Paid Care Network for Canine Trials,collide,Pet owners and insurers squeezed by rising vet bills,0.452,4,0,0.497,False,below cutoff,"Biotechs pay for dogs' cancer care in exchange for clean, immune-competent efficacy data, solving pet-owner affordability and drug-developer validation at once."
723,I0906,"Orphan Appliance Parts, Crowdsourced From Repair Techs",wild,Customers stranded when a product's maker disappears,0.452,4,0,0.497,False,below cutoff,"Quirky (dead 2015) crowdsourced gadgets from hobbyist inventors; the 2026 version prints the discontinued $6 plastic part that keeps a $900 appliance out of the landfill, and pays the repair tech who specced it a royalty."
724,I0309,Chain-of-Custody Certificates for Spent PFAS Media,idea,"PFAS exposure, testing and disposal",0.482,2,0,0.497,False,below cutoff,"A broker and tracking service that consolidates spent GAC and ion-exchange media from small utilities, routes it to verified destruction, and issues auditable certificates that document where the waste went."
725,I0851,Loss-Curve Intelligence for Autonomous Trucking Insurance,idea,Cover and data for emerging or neglected risks,0.466,3,0,0.496,False,below cutoff,"A benchmark and risk-scoring workbench that helps insurers, brokers and carriers price driverless-truck coverage using evidence instead of 'unknown'."
726,I0883,Groundskeepers: Custodianship for AI-Built Software,wild,Recorded and AI-created data exposure for small firms,0.551,4,3,0.496,False,cliché (2+ judges),"Property management for software: a monthly subscription where a named junior-developer 'groundskeeper' keeps small businesses' AI-built apps patched, backed up, monitored, and alive, with a senior signing off."
727,I0693,Vet-Prescribed Walks for Post-Surgery and Senior Dogs,persona,"Veterinary practices: capacity, workforce, diagnostics and drugs",0.498,3,1,0.494,False,below cutoff,"Certify dog walkers to deliver vet-written controlled-walking protocols after cruciate and spinal surgery, and to send structured mobility reports back to the clinic."
728,I1279,Independent Leakage Audits for Age Verification,idea,Youth online safety and age-assurance compliance for small platforms,0.478,2,0,0.493,False,below cutoff,"A red-team lab that measures how easily under-16s slip past each platform's age check (VPN, borrowed ID, face tricks) and sells defensible evidence to platforms, counsel and insurers."
729,I1166,AI-Native Estate Settlement Firm Under Arizona ABS,idea,Executors and small probate firms drowning in estate paperwork,0.528,3,2,0.491,False,cliché (2+ judges),"A licensed alternative business structure that runs uncontested probate and small-estate work end-to-end at a flat fee, with attorneys supervising agent-driven workflows."
730,I0281,Step-Down Club: Maintenance After the Max Dose,idea,"GLP-1 patients' transitions: procedures, medication changes, quitting and aftercare",0.528,3,2,0.491,False,cliché (2+ judges),A cheap maintenance membership that turns the majority of GLP-1 users who quit or plateau into a planned step-down and a monetizable restart.
731,I1304,AI-Off Proficiency Checks for Clinicians,wild,"Proving AI controls and human review to insurers, auditors and clients",0.431,5,0,0.491,False,below cutoff,"E.M. Forster's The Machine Stops and Asimov's The Feeling of Power turned into recurrent, pilot-style checks that measure whether clinicians still perform well when the AI is switched off."
732,I0925,Work-Authorization Continuity Benefit for Care Employers,idea,Immigrant households and workers: status deadlines and paperwork,0.461,3,0,0.491,False,below cutoff,"An employer-paid benefit that screens every care worker for legal pathways, tracks EAD renewals and reverification, and plans backfill."
733,I1146,Second-Life Studio: Shelved Human Drugs for Dogs,collide,Biotech capital: diligence and salvage,0.445,4,0,0.49,False,below cutoff,"Mine the wreckage of failed human biotechs for safe, clinical-stage molecules that make viable dog and cat drugs, and broker them to animal-health companies."
734,I0057,Recovery Units: Hospital Step-Down in Lease-Up Apartments,collide,"Home and residential care: labor supply, family caregivers and small-scale models",0.444,4,0,0.489,False,below cutoff,Master-lease vacant units in lease-up apartment buildings near hospitals and rent them by the night as staffed 7-30 day recovery apartments for patients who have no safe home to be discharged to.
735,I0464,Archival Footage Authenticity Clearance for Documentaries,idea,Defensible authenticity evidence for disputed digital media,0.458,3,0,0.488,False,below cutoff,"A per-film clearance service that proves each archival still and clip is real, so producers and E&O insurers can sign off."
736,I0240,Whale-Proof Alert Network for Longline Boats,persona,Fisheries and ecosystem-service operators,0.472,2,0,0.487,False,below cutoff,"A reciprocal, location-fuzzed alert network that lets sablefish and halibut longliners warn each other about orcas and sperm whales without giving up their fishing spots."
737,I0646,Parametric Cover Against Career-Field Collapse,idea,Cover and data for emerging or neglected risks,0.456,3,0,0.486,False,below cutoff,"Index-based protection that pays out when hiring in a specific occupation falls past a threshold, sold first to bootcamps, income-share funds and private student lenders whose job-guarantee promises are now correlated bets on entry-level demand."
738,I1079,Conversion X-Ray: Scan and Warrant Hidden Risks,idea,Repricing softening property markets,0.47,2,0,0.485,False,below cutoff,"A 10-day scan of vacant office buildings (LiDAR, ground-penetrating radar, riser mapping) with an AI cost-risk budget, evolving into a cost-overrun warranty backed by the data."
739,I1273,Hardware-Origin Audits for Drones and Robots,collide,New defense and drone suppliers: compliance and financing hurdles,0.438,4,0,0.483,False,below cutoff,"Teardown-level bill-of-materials and firmware audits that prove what is really inside a 'US-made' drone or robot, sold to small makers, to the public-safety and utility buyers who must prove compliance, and to insurers."
740,I0094,CAM and Insurance Pass-Through Audits for Micro-Tenants,idea,Small commercial tenants and renters facing landlord leverage,0.486,3,1,0.483,False,below cutoff,"Read a small tenant's lease, recompute the landlord's annual reconciliation, and dispute overcharges inside the audit window, on contingency."
741,I0598,Surety Bonds for Agent Operators,idea,Accountability and guardrails for AI agents acting for others,0.486,3,1,0.483,False,below cutoff,"A customs bond for bots: agent operators post a surety-backed bond so sites, APIs and merchants can say yes to their agents and get paid if the agents misbehave."
742,I0559,Refundable Deposits Against AI Submission Floods,idea,Gatekeepers drowning in AI-generated submissions and bot responses,0.467,4,1,0.479,False,below cutoff,"A gateway that makes AI-generated reports, applications and pitches post a small refundable stake, so maintainers only read submissions someone bet on."
743,I0387,Model-Swap Regression Service for Contractors,idea,"AI builders' dependency risk: model retirement, cost blowouts and platform death",0.514,3,2,0.477,False,cliché (2+ judges),Automated testing and porting that lets defense contractors re-platform their AI workflows to a different model vendor in weeks without losing quality.
744,I0842,Regrade: Stamped Reclaimed Framing Lumber,collide,"Small builders' crew coordination, permits and speed",0.431,4,0,0.476,False,below cutoff,"A mobile lumber re-grading and code-acceptance service that turns torn-out framing lumber from chip-pile waste into stamped, sellable studs and joists for ADUs, garages and additions."
745,I0317,Scam-Compound Geo-Intelligence for Compliance Teams,collide,Banks and platforms disrupting scam networks and recovering victims' funds,0.461,2,0,0.476,False,below cutoff,"A monthly geospatial register of scam compounds, built from satellite imagery and RF data, that lets exchanges and banks flag payees and merchants with a physical nexus to them."
746,I0790,Cask Audit: Proof of Existence for Whisky Investors,idea,Lenders and investors unable to verify collateral exists,0.431,4,0,0.476,False,below cutoff,"An independent inspection, gauging and valuation service that verifies investor-owned whisky casks exist, contain what was sold, and are worth what the seller says."
747,I0616,Federal-Equipment Disposition Desk for Closing Labs,idea,Biotech capital: diligence and salvage,0.431,4,0,0.476,False,below cutoff,"A compliance-plus-resale service that clears federal-interest, decontaminates and re-homes grant-funded instruments when labs shrink or close."
748,I0723,Cap Ledger for the 350-Home Rule,idea,"Home closings, condo boards and HOAs tangled in title and records rules",0.431,4,0,0.476,False,below cutoff,"An ownership graph that counts which LLCs a single-family rental owner controls, proves grandfathering and build-to-rent exemption, and becomes the audit trail lenders and buyers demand."
749,I0984,The Unrecorded Room,wild,Recorded and AI-created data exposure for small firms,0.431,4,0,0.476,False,below cutoff,"Hourly, certified no-recording rooms (phone lockers, no AI notetakers, analog paper only) for conversations too candid to survive a transcript."
750,I1207,"Driver's Ed for Smartphones, Sold to Parent Groups",collide,"Parents and adults managing phones, screens and AI toys",0.445,3,0,0.475,False,below cutoff,"Ten-week, cohort-based 'phone license' programs where a whole grade's parents and kids pledge together, kids earn tiered device access through in-person challenges, and the finish is a coming-of-age ceremony."
751,I0913,Ulysses Contracts for AI Use in Psychosis Recovery,idea,"Emotional-AI companions: dependence, harm and continuity",0.444,3,0,0.474,False,below cutoff,A patient-signed pre-commitment plus an app that adds friction and alerts a trusted contact when a recovering patient's chatbot use starts to spiral.
752,I0357,Copyright-Registration Autopilot for AI Settlements,idea,Creators proving authorship and stopping unauthorized AI use of their work,0.444,3,0,0.474,False,below cutoff,"Monthly bulk US copyright registration and an evidence vault for creators, so they are eligible when AI settlements and claims open."
753,I1073,Kennel Canary: Outbreak Surveillance for Dog Daycares,collide,"Veterinary practices: capacity, workforce, diagnostics and drugs",0.444,3,0,0.474,False,below cutoff,"Monthly environmental PCR swabs that give dog daycares, boarders and shelters an early-warning system and proof of due diligence."
754,I0239,Auracast Hearing Access for Churches and Senior Centers,idea,"Language, hearing and communication barriers in services and workplaces",0.458,2,0,0.473,False,below cutoff,"Turnkey Bluetooth Auracast broadcast installs that let people with hearing loss hear services, meetings and group activities directly in their own hearing aids and earbuds."
755,I0964,Satellite Cannibalization Scores for Rural ISP Lenders,idea,New-space economy: operator gaps and LEO service users' risks,0.458,2,0,0.473,False,below cutoff,"Address-level risk scores that show which rural ISP portfolios LEO broadband will hollow out, and which it will not."
756,I1057,Water Due Diligence for Senior Housing Deals,collide,Water scarcity: irrigation allocation and new supply,0.441,3,0,0.471,False,below cutoff,"A 'Phase I for water' that grades a senior living property or CCRC bond on supply security, drought exposure, contamination compliance and in-building Legionella risk before lenders and buyers commit."
757,I1191,Escrow Shock Early Warning for Servicers,idea,Homeowners and communities losing property insurance in high-risk areas,0.44,3,0,0.47,False,below cutoff,"Soft reinsurance produces homeowner nonrenewals, which produce force-placed cover and escrow shortages, which produce delinquencies on servicers' books. Predict and defuse the shock before it lands."
758,I0518,Documentation-Review Copilot for Notified Bodies and Labs,idea,EU digital product laws for small connected-device makers,0.458,4,1,0.47,False,below cutoff,"Software that triages and pre-checks manufacturers' technical files for the third-party assessors that CRA, Machinery, radio-cyber and AI Act rules are about to swamp."
759,I0843,Rainbows End Book Scanning With Chain of Custody,wild,Rights-cleared human data and vetted expert workers for AI labs,0.409,5,0,0.469,False,below cutoff,"Vernor Vinge's destructive mass digitization of a library, run as a service where the AI customer is owner of record and gets clean text plus a custody certificate, never resold scans."
760,I1045,Rolling Bio-Uplift Trials for Frontier Labs,idea,"Buyers unable to verify vendor, algorithm or AI-safety claims",0.423,4,0,0.468,False,below cutoff,"A standing cohort of novices and benign-proxy wet-lab tasks that measures whether each new AI model actually helps people do biology, within weeks of release."
761,I1205,Age-Signal Rules Engine for App Developers,idea,Youth online safety and age-assurance compliance for small platforms,0.486,2,1,0.468,False,below cutoff,"A 'feature-flag service for minors' law': an SDK that takes the OS or app-store age bracket plus jurisdiction and returns the legally required feature set, with citations and an audit trail."
762,I1137,Remote Athletic Trainer Coverage for Rural Schools,idea,"Out-of-school time, phone-free play and youth sports safety",0.438,3,0,0.468,False,below cutoff,"A subscription sideline triage line, protocol library and documentation service that stretches one licensed athletic trainer across many schools."
763,I0528,Supplier-Owned Origin Passport for Tier-2 Shops,idea,"Tariff cost, classification and customs for small importers",0.486,2,1,0.468,False,below cutoff,"A portable, supplier-owned origin and metal-content passport that answers every customer's questionnaire once."
764,I0102,Men's Repair Crews Funded by Aging-in-Place Budgets,idea,Loneliness and purpose: belonging programs for isolated adults and elders,0.437,3,0,0.467,False,below cutoff,"A membership club for men 25-45 who show up weekly to do minor home repairs for isolated older adults, led by a paid tradesperson and paid for by aging-in-place budgets."
765,I0312,Mod-Neutral Escrow for Reddit Swap Subs,persona,Resellers and liquidators of surplus and fandom goods,0.437,3,0,0.467,False,below cutoff,"A roughly 2% escrow-and-reputation rail for r/hardwareswap-style trade communities that auto-writes verified trade counts, so buyers stop gambling on PayPal Goods & Services and mods stop refereeing scams."
766,I1017,Keep-the-Laptop Severance With Certified Data Wipe,collide,"Employers restructuring for AI: layoffs, severance and displaced workers",0.436,3,0,0.466,False,below cutoff,"At layoff time, employers offer departing remote workers the option to keep their own laptop, remotely wiped and reimaged with a certificate of erasure. The service recovers, refurbishes and resells the devices people don't keep."
767,I0743,Year-Three Warranty Claims Agent and Failure Index,wild,Warranty claims left unfiled,0.501,3,2,0.465,False,cliché (2+ judges),"An agent that files manufacturer, retailer and credit-card extended-warranty claims when your stuff dies, paid on success, whose claims data becomes a durability index that Amazon's star ratings cannot provide."
768,I0321,Time-to-First-Part: Install Readiness for Machine Dealers,idea,US machine shops and reshoring manufacturers,0.417,4,0,0.462,False,below cutoff,A pre-delivery site-scan and commissioning package that gets backlogged machines cutting parts weeks sooner.
769,I0163,SpaceX Exposure Verification Desk for Advisors,collide,Lenders and investors unable to verify collateral exists,0.417,4,0,0.462,False,below cutoff,"A due-diligence service that tells advisors and retail investors whether a 'SpaceX exposure' SPV actually holds anything, and flags impersonation and deepfake endorsements timed to launch and IPO news."
770,I0110,Thermosphere Density Nowcasts From Mega-Constellation Orbits,idea,New-space economy: operator gaps and LEO service users' risks,0.447,2,0,0.462,False,below cutoff,A live atmospheric-drag API that uses the drag on thousands of satellites as a planetary sensor grid.
771,I1318,Recall-Proofing Subscription for Small Pet Food Brands,idea,Food and beverage producers facing new rules and safety risks,0.417,4,0,0.462,False,below cutoff,"Outsourced food-safety plans, pooled H5N1/Salmonella/Listeria testing and label review for the hundreds of small raw, freeze-dried and topper brands that cannot afford a QA department."
772,I0490,Data Act Access-Request Desk for Independent Repairers,idea,EU digital product laws for small connected-device makers,0.417,4,0,0.462,False,below cutoff,"A clearinghouse that files, tracks and escalates EU Data Act data-access requests to connected-product makers on behalf of independent garages, installers and fleet operators."
773,I0546,Buffet Lab: Hotel Breakfast Lines as Test Market,collide,Food and beverage producers facing new rules and safety risks,0.417,4,0,0.462,False,below cutoff,"Paid two-week trials that put reformulated or novel ingredients on real hotel and cruise breakfast lines, with item-level consumption, waste and hot-hold colour data."
774,I0962,N-of-1 Trial Network for the Peptide Boom,idea,Recovery-studio and peptide businesses needing safety evidence and insurability,0.447,2,0,0.462,False,below cutoff,"IRB-supervised, blinded, randomized N-of-1 trials that let peptide users learn what works for them while building the missing evidence base."
775,I0138,Camera-Free Certified: No-Record Spaces for Smart Glasses,wild,Recorded and AI-created data exposure for small firms,0.417,4,0,0.462,False,below cutoff,"A certification, signage, staff-training and radio-detection service that lets gyms, spas, clinics and bars credibly promise 'no recording devices here' as camera glasses go mainstream."
776,I0351,Accessibility Disclosure Kit for US Independent Hotels,idea,"Small firms facing serial-plaintiff, troll and patent exposure",0.432,3,0,0.462,False,below cutoff,"A phone-based room-measurement kit that produces the accessibility details federal law requires on booking pages, before serial plaintiffs sue."
777,I0476,Fire-Loss Data Co-op and Parametric MRF Cover,idea,Cover and data for emerging or neglected risks,0.431,3,0,0.461,False,below cutoff,"Pool waste-facility fire data to price the unpriced battery-fire risk, then offer verified premium credits and fast-paying parametric cover."
778,I0592,Drive-By Lawsuit Shield for Marketing Stacks,idea,"Small firms facing serial-plaintiff, troll and patent exposure",0.497,3,2,0.46,False,cliché (2+ judges),"Scan and fix the text, website and review flows that trigger serial-plaintiff demand letters, and back it with a response pack."
779,I0566,Escrowed Group Orders for Fandom Imports,idea,Resellers and liquidators of surplus and fandom goods,0.462,3,1,0.459,False,below cutoff,"A group-order platform for K-pop, anime and idol merchandise that escrows money, consolidates freight under formal customs entry, and splits domestic shipping."
780,I0622,Translator-Owned Language Trusts for Public Services,wild,"Language, hearing and communication barriers in services and workplaces",0.444,2,0,0.459,False,below cutoff,"Translator co-ops that build and license verified medical, legal, and benefits corpora for refugee and diaspora languages, and sell certified human review to agencies that now rely on machine translation."
781,I1111,Global Rain Radar From Starlink Dishes,idea,Novel environmental and infrastructure data from satellites and crowd-sensing,0.411,4,0,0.456,False,below cutoff,Turn opted-in Starlink terminals into the densest rain-gauge network ever built and sell ground-truth rainfall to insurers.
782,I1158,Neighborhood Block Wildfire Cover via HOAs,idea,Homeowners and communities losing property insurance in high-risk areas,0.458,3,1,0.455,False,below cutoff,"Softer reinsurance isn't reaching homeowners, so aggregate a mitigated neighborhood into one certified risk that capital will price like a portfolio instead of 300 anonymous parcels."
783,I0912,Childcare Credits Instead of Builder Rate Buydowns,collide,"Childcare shortage: providers, buildings and employer funding",0.425,3,0,0.455,False,below cutoff,"Homebuilders replace temporary mortgage rate buydowns with redeemable childcare credits, and the program builds the licensed care space inside the community."
784,I0608,Court-Ready Satellite Emission Evidence for Litigators,idea,Novel environmental and infrastructure data from satellites and crowd-sensing,0.408,4,0,0.453,False,below cutoff,Expert-witness-grade reports that use hourly geostationary pollution data to document emission events at large industrial sources.
785,I0555,Reproduction-Gated Vulnerability Inbox for Maintainers,signal,Gatekeepers drowning in AI-generated submissions and bot responses,0.408,4,0,0.453,False,below cutoff,"A hosted security-report intake that only forwards a report if its proof-of-concept actually reproduces against the maintainer's tagged release in a sandbox, so AI-generated slop dies before a human reads it."
786,I0581,Paid Farm Residencies That Recruit Successors,collide,"Owner wind-down, sudden death and tacit-knowledge handoff",0.408,4,0,0.453,False,below cutoff,"Multi-week hospitality-designed farm stays that let heir-less owners audition would-be farmers, monetising the stay and taking a success fee if a lease-to-own follows."
787,I0870,Fitness-Adjusted Longevity Reports for Retirement Advisors,collide,Preventive and longevity care outside conventional insurance,0.455,3,1,0.452,False,below cutoff,"A report that turns a client's own wearable and clinic metrics (VO2max, resting heart rate, grip strength, gait speed, sleep) into a life-expectancy range for Social Security claiming, annuity timing and withdrawal-rate decisions, sold to fee-only advisors."
788,I1333,AI Kill-Switch Drills That Unlock Affirmative Cover,signal,"Proving AI controls and human review to insurers, auditors and clients",0.458,5,2,0.452,False,cliché (2+ judges),"A third-party 'shutdown drill' and evidence certificate proving a company can halt its AI systems fast, so carriers will write affirmative AI cover and insureds can qualify for it."
789,I0293,Audit Desk for Indie Labels' AI-Remix Royalties,idea,Creators proving authorship and stopping unauthorized AI use of their work,0.421,3,0,0.451,False,below cutoff,"Independent monitoring, consent management and statement auditing for the royalties that AI covers and remixes will start generating."
790,I1049,Muthoot-Style Gold Loans for America's Junk Drawers,wild,Households in debt distress,0.406,4,0,0.451,False,below cutoff,"A mail-in, XRF-assayed loan against gold and jewelry at roughly 24-36% APR, versus 200%-plus at a typical US pawn shop, run through licensed pawn partners for people who need $300-$5,000 and have idle gold worth far more with gold trading around $4,100-$4,500 an ounce."
791,I0405,Birth Plan B for Maternity Deserts,wild,Rural and underserved patients who cannot reach care,0.434,2,0,0.449,False,below cutoff,"Carve the last three weeks of childbirth logistics out of the hospital: pre-booked lodging, ride dispatch, nurse triage and an emergency-delivery kit for mothers whose local labor ward closed."
792,I0066,Hard-Stop Fuse and Warranty for AI Cloud Bills,signal,"AI builders' dependency risk: model retirement, cost blowouts and platform death",0.486,3,2,0.449,False,cliché (2+ judges),"A free scanner finds unrestricted legacy Google/Firebase and Bedrock exposure, installs a real hard kill-switch, and later sells a capped bill-shock warranty only to accounts that have the fuse installed."
793,I0536,Immunogenicity Screens for De Novo Proteins,idea,Wet-lab reagents and screens for AI-designed therapeutics,0.417,3,0,0.447,False,below cutoff,"A fast, low-cost HLA-diverse T-cell screen and de-immunize-and-retest loop built for AI-designed proteins that have no natural template to humanize."
794,I0258,Consolidation Shock Radar for Independent Clinics,idea,Private-equity roll-up aftermath,0.431,2,0,0.446,False,below cutoff,"Every roll-up creates a wave of unhappy clients and departing staff near the acquired clinic; sell independents, would-be founders and lenders a radar that finds those neighborhoods first."
795,I1020,Preflight Lab for Steam Frame Verified,persona,Independent game studios and creator businesses,0.415,3,0,0.445,False,below cutoff,"A shared hardware lab that runs your build on real Steam Frame, Steam Machine and Deck units, finds why it would fail Valve's compatibility review, and fixes it."
796,I0882,Cool-Hours Slot Exchange for Tour Operators,collide,"Overtouristed destinations, tour operators and independent hotels",0.428,2,0,0.443,False,below cutoff,"Forecast-driven heat re-scheduling for tour operators, plus a marketplace that sells 7am and 8pm venue slots, turning the coolest hours of the day into a priced, allocated resource."
797,I1005,Approved-Protocol Envelope Guard for AI-Directed Labs,collide,"Autonomous and AI-directed labs: infrastructure, safety and access",0.431,4,1,0.442,False,below cutoff,"Middleware that turns an institution's biosafety approval into machine-readable limits and stops any agent-proposed experiment that falls outside them before a robot runs it, leaving an insurer-grade black-box record."
798,I0440,Blinded Self-Trials for Your Supplement Stack,wild,Preventive and longevity care outside conventional insurance,0.444,3,1,0.441,False,below cutoff,"Mail-order double-blind crossover kits that tell you which of your own supplements move your own labs and wearable data, and which you can stop paying for."
799,I0910,GPS Spoofing Alarm Using LEO Signals,idea,"Aircraft and drone operators: maintenance, parts, permits and navigation",0.396,4,0,0.441,False,below cutoff,"A passive receiver that listens to Starlink, OneWeb and Iridium-style signals and flags when GPS disagrees."
800,I1271,Screw-Pile Foundations That Skip the Concrete Crew,idea,"Small builders' crew coordination, permits and speed",0.395,4,0,0.44,False,below cutoff,"Engineered helical-pile foundations with torque-logged QA and prefab floor cassettes, installed in a day, for spec homes, ADUs and factory-built homes where foundation crews are booked out for weeks."
801,I0004,W-2 Employer-of-Record for AI-Training Experts,idea,Rights-cleared human data and vetted expert workers for AI labs,0.38,5,0,0.44,False,below cutoff,"A task-metered payroll, benefits and contract layer that lets data vendors and labs engage expert contractors as short-term employees without the misclassification and breach exposure of 1099 mass onboarding."
802,I0407,Gig Social-Security Compliance Engine for Mid-Size Platforms,idea,"Workforce compliance for remote, tipped and platform workers",0.41,3,0,0.44,False,below cutoff,A four-week compliance package for India's long tail of aggregator platforms that cannot build labour-code tooling in-house.
803,I1272,Vacant-House Concierge for Parents Moving Into Care,idea,"Houses caught in death, divorce or care transitions",0.38,5,0,0.44,False,below cutoff,"One monthly plan that insures, inspects, maintains and eventually sells the house left empty when a parent moves to memory care or dies."
804,I1324,AI-Washing Forensics for Investors and Buyers,idea,"Buyers unable to verify vendor, algorithm or AI-safety claims",0.394,4,0,0.439,False,below cutoff,"A five-day outside-in diligence product that tests whether an AI startup's product is real autonomy, its revenue is real, and its users are human."
805,I0075,Solar Monitoring Data as Appliance Stethoscope,persona,"Households upgrading homes: electrification, roofs and solar loans",0.393,4,0,0.438,False,below cutoff,"Use the consumption data already sitting in installers' monitoring portals to spot dying air conditioners, resistance heat, hidden EVs and always-on pool pumps, then sell verified leads to HVAC and electrical contractors with a share back to the installer."
806,I0607,Vet Tech Apprenticeship Intermediary,idea,"Veterinary practices: capacity, workforce, diagnostics and drugs",0.408,3,0,0.438,False,below cutoff,"Registered-apprenticeship sponsorship as a service, letting clinics grow their own technicians through a paid pathway with wage support and retention contracts."
807,I1060,Fill-Level Sensors for Remote Vault Toilets,wild,Condition monitoring for asset owners and their service contractors,0.406,3,0,0.436,False,below cutoff,"Satellite-capable fill-level and usage sensors for the vault toilets on public land and in campgrounds, so pump trucks go where and when they are actually needed."
808,I0688,Shared Emergency Desk for Autonomous Fleets,idea,Autonomous-vehicle fleets' ground infrastructure and stakeholders,0.406,3,0,0.436,False,below cutoff,"A neutral 24/7 first-responder interface (hotline, dispatch API, geofence directives) that small AV, robot-truck and delivery-robot operators rent instead of building."
809,I1286,Frozen Models: Long-Term Support for AI Deployments,wild,"AI builders' dependency risk: model retirement, cost blowouts and platform death",0.472,3,2,0.436,False,cliché (2+ judges),"A 'Red Hat for AI models': host specific model versions with a written 5-7 year availability guarantee, reproducibility pack and migration diff-testing, for companies that cannot let their AI change under them."
810,I1124,Knowledge Trusts That Pay Heirs From AI Licensing,collide,Rights-cleared human data and vetted expert workers for AI labs,0.375,5,0,0.435,False,below cutoff,"A fiduciary licensing shop that records a retiring or terminally ill master practitioner's judgment, holds the rights in an estate-friendly trust, sells non-exclusive licenses to AI buyers, and pays royalties to the expert and later the heirs."
811,I0049,Contest-Proof Signing: Capacity Sessions for Wills,idea,Making family estate plans fair and contest-proof,0.389,4,0,0.434,False,below cutoff,"A recorded, clinician-run capacity and intent session at will signing, so a later contest by disappointed heirs has strong evidence against it."
812,I0643,Human-Backed Login for Senior-Serving Software,signal,Singular / uncategorized,0.434,1,0,0.434,False,below cutoff,"A drop-in login layer for apps whose users are 65+ that replaces passwords with a two-tap flow, a spoken one-time code by phone call (landline included), family delegates and a live concierge who can walk anyone in."
813,I0679,GLP-1 Size-Curve Index for Apparel Planners,idea,Businesses adapting to GLP-1 users' changed consumption,0.389,4,0,0.434,False,below cutoff,"A monthly 'size-shift index' that tells merchandise planners, airlines and furniture makers how GLP-1 adoption is moving their customers' bodies."
814,I1181,Deorphanization Factory for AI-Nominated Enzymes,idea,Wet-lab reagents and screens for AI-designed therapeutics,0.403,3,0,0.433,False,below cutoff,"A pooled-substrate, NGS-readout assay line that assigns function to hundreds of AI-nominated unknown enzymes per week for hundreds of dollars each."
815,I0101,Tele-Drive Home for Retirement Golf Carts,wild,Adult children managing aging parents from afar,0.403,3,0,0.433,False,below cutoff,"A designated-driver and remote-driving service for owner-owned golf carts in age-restricted communities, starting with humans and automating later."
816,I1034,Landed-Cost Lock for Crowdfunding Creators,signal,Crowdfunded hardware makers and indie product brands,0.417,2,0,0.432,False,below cutoff,"A per-campaign engine that decides what each pledge tier really costs to land in each country (HTS class, duties, freight, platform and pledge-manager fees) and configures the tariff surcharge and shipping table before a creator commits."
817,I1245,Second-Life Desal Membranes for Farms and Towns,idea,Water scarcity: irrigation allocation and new supply,0.401,3,0,0.431,False,below cutoff,"Buy retired reverse-osmosis elements from big desal plants, test and recondition them, and sell them with a performance guarantee to farms, greenhouses and small systems."
818,I1316,Wildfire Evacuation Autopilot for Campsites and Hotels,idea,"Heat, fire and evacuation protection for vulnerable people",0.4,3,0,0.43,False,below cutoff,"Satellite fire-spread alerts plus pre-contracted buses, routes and multilingual guest messaging turn every tourist lodging in fire country into an evacuation node."
819,I0151,Playable-Until Guarantees for Online Games,idea,Customers stranded when a product's maker disappears,0.383,4,0,0.428,False,below cutoff,"Sell publishers a pre-funded shutdown trust plus an escrowed server kit, so a dated playability guarantee becomes a selling point for $70-80 online games instead of a legal risk."
820,I0845,Own-Your-Office Buyer Groups for Practices,idea,Repricing softening property markets,0.413,2,0,0.428,False,below cutoff,"Assemble dentists, clinics, law and accounting firms into buyer clubs that buy discounted vacant office buildings and split them into owner-occupied condos financed with SBA loans."
821,I0288,Motor-Rewind Shops Become Drone-Motor Cells,collide,New defense and drone suppliers: compliance and financing hurdles,0.417,4,1,0.428,False,below cutoff,Qualify a network of existing U.S. electric-motor repair shops to wind and test compliant drone motors with non-Chinese magnets for Drone Dominance suppliers.
822,I0816,Disaster-Pause Rider for Small-Business Loans,wild,Fast parametric cash for weather and disaster shocks,0.383,4,0,0.428,False,below cutoff,"A parametric portfolio rider that lets CDFIs and credit unions automatically pause small-business and farm loan payments after a disaster, with the lender made whole by a pre-funded payout."
823,I1082,Condo Vote Toolkit for Tourist-Flat Bans,collide,"Overtouristed destinations, tour operators and independent hotels",0.412,2,0,0.427,False,below cutoff,"A compliant e-vote, notice and evidence kit that lets condo communities decide the fate of tourist flats building by building, sold to the property administrators who run those votes."
824,I0323,SOX Evidence Packs for Agent-Run Controls,idea,"Proving AI controls and human review to insurers, auditors and clients",0.467,5,3,0.427,False,cliché (2+ judges),"Control libraries, walkthrough scripts and test evidence that let auditors accept AI agents inside financial close, AP and reconciliations."
825,I0225,Sundowning Night Companion Speaking in Family's Voice,idea,Dementia and Alzheimer's care at home and in memory care,0.431,3,1,0.427,False,below cutoff,"A bedside device that detects night waking and reorients a person with dementia in a voice they consented to, escalating to a caregiver or remote night aide."
826,I0329,After-School Shop Clubs Run by Retired Tradespeople,collide,"Out-of-school time, phone-free play and youth sports safety",0.397,3,0,0.427,False,below cutoff,"Screen-free after-school care for ages 10-15 inside idle trade-school and union shops, staffed by retired journeymen who teach kids to build real things."
827,I0701,Customs Broker-as-Software for LatAm Micro-Importers,idea,"Tariff cost, classification and customs for small importers",0.444,2,1,0.426,False,below cutoff,"Tariff walls turn Temu-era resellers into importers, so sell them classification, duty prepayment and pre-filed declarations."
828,I0582,Worker-Ownership Succession for Home Care Agencies,idea,Trade-shop succession and buyouts,0.38,4,0,0.425,False,below cutoff,"A specialist shop that helps retiring home-care agency owners sell to their caregivers via an ESOP or worker co-op, plus a shared back office for the converted agencies."
829,I0714,Certified Refurb Phone Pipeline for Africa,idea,Smallholders and rural households in emerging markets,0.38,4,0,0.425,False,below cutoff,"The memory crunch kills the cheap new phone, so the next wave of African users arrives on graded, warrantied used handsets."
830,I1338,Broker Non-Payment Bond-Claim Collective for Small Carriers,signal,"Freight brokers, carriers and shippers: fraud, liability and disputes",0.393,3,0,0.423,False,below cutoff,"A service that files carriers' unpaid-load claims against the broker's surety bond and FMCSA record, pools every claimant against the same broker, and publishes a real days-to-pay broker score built from actual payment outcomes."
831,I0855,Buy the Orphaned License of Dead Models,signal,Customers stranded when a product's maker disappears,0.378,4,0,0.423,False,below cutoff,"Acquire or secure exclusive commercial-licensing rights to hugely downloaded open models and tools whose company died, then sell clean, warranted commercial licenses plus a public orphan-license registry."
832,I0176,Aid-in-Dying Program-in-a-Box for Hospices,idea,"Hospice, dying and the first weeks of bereavement",0.408,2,0,0.423,False,below cutoff,"Sell newly-legal states' hospices and health systems the policies, forms, trained consulting-clinician panel and logistics they need to participate in medical aid in dying."
833,I0935,Supplier-side questionnaire firewall citing the VSME cap,signal,Exporters meeting foreign sustainability and representation rules,0.444,4,2,0.423,False,cliché (2+ judges),"A forward-to tool that answers big customers' ESG, NIS2 and EUDR questionnaires from one evidence vault and flags which questions the law says a small supplier can decline."
834,I0589,Silver Crews: Retiree Work Co-ops for US Towns,wild,Loneliness and purpose: belonging programs for isolated adults and elders,0.393,3,0,0.423,False,below cutoff,"A membership co-op for retirees 62+ that contracts with towns, school districts and HOAs for short, insured, daytime jobs (crossing guards, school and library aides, grounds work, event staffing) and acts as employer of record."
835,I1078,Half-Pro Remodeling: Homeowner Does the Easy 60%,idea,"Households upgrading homes: electrification, roofs and solar loans",0.444,4,2,0.423,False,cliché (2+ judges),"Fixed-price booking of only the licensed, permit-required slice of a project while homeowners or handymen do demo, prep and finish, with photo-verified handoffs."
836,I0457,Dog Walk Plus: Wellness Checks for Isolated Seniors,persona,Adult children managing aging parents from afar,0.458,3,2,0.422,False,cliché (2+ judges),"Turn the daily dog walk at an older client's home into a consented, structured wellness check with escalation, sold to their adult children."
837,I1301,Mini Cat Bonds for Co-ops and Counties,idea,Cover and data for emerging or neglected risks,0.39,3,0,0.42,False,below cutoff,"Cat bond capital is at record highs but deals under $50M are uneconomic. Make a $5-25M cat bond a 90-day, low-cost, template product for the sponsors the market ignores."
838,I0333,Dog Walkers as Repeat-Pass Sidewalk Inspectors,persona,Novel environmental and infrastructure data from satellites and crowd-sensing,0.375,4,0,0.42,False,below cutoff,"Pay dog walkers a few dollars a day to mount a phone on their chest and sell the resulting block-by-block sidewalk condition layer to cities, utilities, and delivery-robot operators."
839,I1303,Permit Concierge for Rare-Plant and Reptile Sellers,collide,Exporters meeting foreign sustainability and representation rules,0.375,4,0,0.42,False,below cutoff,"A checkout-integrated paperwork and permit service that lets hobby breeders of orchids, aroids, cacti, tarantulas and reptiles legally fill foreign orders instead of pushing buyers to the gray market."
840,I0205,Deposit Gate That Kills Korean Bulk-Order Scams,signal,Small firms and property managers defending against fraud and impersonation,0.375,4,0,0.42,False,below cutoff,"A KakaoTalk-native verify-and-deposit link that small Korean restaurants, bakeries and caterers send to any big or suspicious order, since scammers never pay a deposit and real customers do."
841,I0334,Standby Mass-Fatality Cooler Network for Counties,persona,"Hospice, dying and the first weeks of bereavement",0.405,2,0,0.42,False,below cutoff,"A retainer-based network of vetted funeral homes with cooler space, vans and chain-of-custody training that counties and hospital coalitions can activate when the morgue overflows."
842,I1114,Outage Pucks: Street-Level Blackout Cover,wild,Fast parametric cash for weather and disaster shocks,0.375,4,0,0.42,False,below cutoff,"A $25 plug-in sensor that proves your power is out and triggers a cash payout after 12 dark hours, turning neighborhoods of pucks into their own insurance oracle and a data feed utilities will pay for."
843,I0967,Disordered-Eating Tripwire for GLP-1 Prescribers,idea,"GLP-1 patients' transitions: procedures, medication changes, quitting and aftercare",0.389,3,0,0.419,False,below cutoff,"A cheap, documented eating-disorder screen and escalation network embedded in GLP-1 telehealth intake."
844,I0507,Rebuild-Cost Audit Sold Through Agents' E&O Fear,idea,Homeowners and communities losing property insurance in high-risk areas,0.389,3,0,0.419,False,below cutoff,"A 15-minute independent rebuild-cost check at renewal that documents limits, sold to the agents and E&O carriers who hold the underinsurance tail."
845,I0668,AI-Guided Feline Heart Screening by Technicians,idea,"Veterinary practices: capacity, workforce, diagnostics and drugs",0.389,3,0,0.419,False,below cutoff,"Handheld ultrasound with AI probe guidance lets technicians capture heart clips on cats, with remote cardiologist over-read making HCM screening a routine add-on instead of a referral."
846,I0303,Retiree Remote-Assist Bench for Robot Fleets,collide,Teleoperated labor and remote pilot workforces,0.389,3,0,0.419,False,below cutoff,"A certified, US-based, part-time pool of retirees (ex-truckers, dispatchers, yard hands) who resolve robot and AV exceptions, billed by the assisted hour to fleet operators."
847,I1292,Exit Ramps for Dying AI Platforms,signal,"AI builders' dependency risk: model retirement, cost blowouts and platform death",0.389,3,0,0.419,False,below cutoff,"A converter plus fixed-price migration service that turns Flowise flows, OpenAI Agent Builder graphs and Assistants API integrations into portable, regression-tested code."
848,I0211,Robot Gymnasium Inside a Dead Mall,wild,Real-world skill and object data for robot and industrial-AI builders,0.389,3,0,0.419,False,below cutoff,"Lease dying mall wings for pennies, stage them as real-world sets, and rent them by the day to robotics startups that need diverse places to collect training data."
849,I1251,Metering Unmetered Wells From Orbit,idea,Water scarcity: irrigation allocation and new supply,0.389,3,0,0.419,False,below cutoff,"Estimate monthly pumping for every unmetered irrigation well by fusing radar subsidence, satellite crop water use and electricity data, and sell it to groundwater regulators."
850,I0409,Contrast Capture: Recovering Iodine From Post-Scan Urine,collide,"Recycling quality, distressed capacity and battery/EPR compliance",0.357,5,0,0.417,False,below cutoff,"Capture iodinated and gadolinium contrast agents from patients' urine at CT and MRI centers, funded by the drug makers who now owe EU wastewater EPR fees, and recover the iodine and gadolinium."
851,I0355,Renewal-Match Agent for Concession-Market Renters,idea,Small commercial tenants and renters facing landlord leverage,0.486,3,3,0.416,False,cliché (2+ judges),"An agent that tracks true net-effective rents nearby, negotiates a renewal match with the landlord's leasing bot, and moves you if they refuse, paid only on savings."
852,I0341,Quibi for Home-Care Aides: Serialized Compliance Training,wild,"Home and residential care: labor supply, family caregivers and small-scale models",0.403,4,1,0.414,False,below cutoff,"Quibi's 90-second premium episodes failed as a consumer subscription; as a serialized vertical drama that home-care aides watch to fulfill their mandatory annual training hours, the same format has a captive, budgeted buyer."
853,I0162,Business Identity Watch: LifeLock for LLCs,idea,Small firms and property managers defending against fraud and impersonation,0.403,4,1,0.414,False,below cutoff,"Continuous monitoring of the state filings, liens and listings that define a small business, with a fast response kit when someone hijacks them."
854,I0325,Battery-Islanded Feeders Instead of Undergrounding,idea,Utilities avoiding costly network upgrades with distributed flexibility,0.403,4,1,0.414,False,below cutoff,Sell utilities islandable rural feeders powered by enrolled home batteries as a cheaper alternative to undergrounding and repeated wildfire power shutoffs.
855,I0263,Compliance-as-Code for EWA and BNPL,idea,Consumer lenders' compliance and loss pressures,0.417,3,1,0.413,False,below cutoff,"State-by-state earned wage access and BNPL rules are being written fast. Turn them into an API that checks fees, tips and disclosures before each product release."
856,I0525,Ticketmaster Exit Kits for Independent Venues,idea,"Small venues, performers and event vendors",0.383,3,0,0.413,False,below cutoff,"A contract-audit and migration service that tells venue owners exactly when and at what cost they can leave exclusive ticketing deals, then moves them safely."
857,I0835,Chargeback Guarantee for Agent-Placed Orders,collide,"Payments, escrow, disputes and human fulfilment for agent transactions",0.448,3,2,0.411,False,cliché (2+ judges),"A merchant-side gateway that checks the shopper's signed mandate against the cart, keeps a tamper-proof decision record, and reimburses chargebacks on approved agent orders."
858,I0383,Per-Class Portable Benefits for Fitness Instructors,collide,"Gig, tipped and cash workers unable to prove income",0.365,4,0,0.41,False,below cutoff,"A payout layer that skims a small per-class contribution from studios and class apps into each 1099 instructor's own injury income protection, health-premium credit and retirement account, structured to give studios legal cover under portable-benefits laws."
859,I0684,Independent Audits for Per-Outcome Agent Invoices,idea,"AI builders' dependency risk: model retirement, cost blowouts and platform death",0.412,3,1,0.409,False,below cutoff,"The DoubleVerify of AI agents: sample and verify the resolutions, meetings and approvals you were billed for, then claim credits for the fakes."
860,I0512,Real-Time Dental Benefits Texting Before December 31,signal,Provider revenue leaks and payer denials,0.444,3,2,0.408,False,cliché (2+ judges),"A dental-office tool that texts patients their actual remaining insurance dollars and a wallet card, filling the Q4 schedule that insurers' broken apps leave empty."
861,I0145,Part-Time Seats: Districts Sell Classes to Homeschoolers,idea,"Microschools, homeschoolers and shrinking districts",0.362,4,0,0.407,False,below cutoff,Software and a playbook that lets shrinking districts enroll homeschoolers and microschoolers a la carte and capture per-pupil funding they are now losing.
862,I0885,Costly-Commitment Kits for Fitness Congregations,wild,"Independent gyms, studios and racquet venues",0.377,3,0,0.407,False,below cutoff,"A retention product for boutique gyms and run clubs that borrows religion's real community mechanism, costly commitment, to turn members into a congregation."
863,I0741,Contingency Royalty Audits for Game Developers,persona,Independent game studios and creator businesses,0.375,3,0,0.405,False,below cutoff,"A $99 automated statement check that finds provable underpayments in publisher royalty reports, then hands winnable cases to forensic accountants on contingency."
864,I0369,Population-Diverse iPSC Villages for Drug Safety,idea,Wet-lab reagents and screens for AI-designed therapeutics,0.375,3,0,0.405,False,below cutoff,"Pool 50-100 genetically diverse donor iPSC lines in one dish and read out each donor's drug response by genotype, giving pharma a 'clinical trial in a dish' for roughly the cost of one experiment."
865,I0166,Task-Shifting Engine for Tech-Led Vet Visits,idea,"Veterinary practices: capacity, workforce, diagnostics and drugs",0.375,3,0,0.405,False,below cutoff,"Standing-order templates, scheduling and a state-by-state supervision rules database that let clinics move routine care from vets to technicians and, soon, VPAs, without breaking practice acts."
866,I0422,Visitor-Levy Back Office for Councils,idea,"Overtouristed destinations, tour operators and independent hotels",0.39,2,0,0.405,False,below cutoff,"White-label registration, returns, audit and enforcement software plus a service desk that lets local councils run a new tourist levy without building it."
867,I0740,Staffed Junk Playgrounds as Apartment Amenity,wild,"Out-of-school time, phone-free play and youth sports safety",0.375,3,0,0.405,False,below cutoff,"Adventure playgrounds with loose parts, dirt, tools and trained playworkers, installed on unused lots at family-heavy apartment communities and sold to landlords as a renewal lever."
868,I1113,Recurring-Route Repricing Desk for Service Owners,signal,Small trade and service firms underpricing and leaking margin,0.444,5,3,0.404,False,cliché (2+ judges),"Read-only connect a lawn, pool, cleaning or pest route to its books, find the customers who are losing money, and hand the owner ready-to-send price-increase letters."
869,I0713,Toll Fermentation in Dead Alt-Protein Plants,idea,Protein and fermentation capacity squeeze,0.389,2,0,0.404,False,below cutoff,Buy or lease bankrupt alt-protein bioreactor capacity for pennies and run it as a toll fermenter for whey-alternative brands.
870,I1306,Supply-House-Branded Back Office for Tiny Shops,idea,Small trade and service firms underpricing and leaking margin,0.444,5,3,0.404,False,cliché (2+ judges),"White-label quote, invoice, parts-pricing and trade-credit software delivered to solo-to-5-tech shops through their local independent supply house counter."
871,I0963,Age-Tier Compliance for Roblox-Style Creator Studios,idea,Youth online safety and age-assurance compliance for small platforms,0.389,2,0,0.404,False,below cutoff,"Pre-flight scanner and consulting that checks user-generated game experiences against Roblox Kids (<9), Select (9-15) and 16+ tier rules before discovery demotion costs revenue."
872,I0216,Employer-Backed Block Leases for Hourly Workers,idea,Housing for workers priced out of tight markets,0.389,2,0,0.404,False,below cutoff,"A broker that packages 20-100 unit block leases in concession-heavy buildings, backed by an employer's credit guarantee and payroll deduction, to cut rent for hourly workers without raising wages."
873,I1102,Closed-Loop Solvents for the Generic GLP-1 Wave,collide,Singular / uncategorized,0.402,1,0,0.402,False,below cutoff,"Solvent-recovery-as-a-service for peptide CDMOs and new generic semaglutide makers, because the pill era and the April 2026 patent expiries multiply peptide API output and its solvent waste."
874,I0923,"Pharmacy Friendly Calls, Paid by Adherence Stars",idea,Loneliness and purpose: belonging programs for isolated adults and elders,0.405,3,1,0.402,False,below cutoff,"Independent pharmacies run weekly human-led friendship calls to isolated refill customers, funded by the Medicare adherence performance that loneliness quietly erodes."
875,I0729,TAKE IT DOWN Desk for Small Platforms,idea,Youth online safety and age-assurance compliance for small platforms,0.417,2,1,0.399,False,below cutoff,"Outsourced 48-hour notice-and-removal operations (intake, requester verification, adjudication, audit logs) for forums, hosts and indie social apps."
876,I0319,Chosen-Kin Circles for Solo Agers,idea,"Solo agers without family to act as proxy, executor or guardian",0.369,3,0,0.399,False,below cutoff,"Mutual health-care-proxy circles of 3-4 unrelated solo agers with legal packets and a professional backstop, sold as estate planning but delivering belonging."
877,I0878,Shopfloor Pulse: Voice-Agent Census of Job Shops,idea,"Investors, lenders and venues wanting real-economy ground truth",0.338,5,0,0.398,False,below cutoff,"Voice agents phone thousands of US machine shops monthly, publishing a real-time index of lead times, backlog and price pass-through."
878,I0762,Scrap-to-Tab: Supply-House Credit for Trade Scrap,collide,Critical minerals and rare-earth supply chain recovery and provenance,0.368,3,0,0.398,False,below cutoff,"A weekly scrap-and-refrigerant buy-back inside independent HVAC, plumbing and electrical supply houses that pays contractors in credit against their supply-house tab."
879,I1220,Tech-to-Owner Buyout Kit for Trade Shops,idea,Trade-shop succession and buyouts,0.452,4,3,0.397,False,cliché (2+ judges),"Package and finance the sale of sub-$5M trade shops to their own senior technicians or managers, then keep them on a shared back office so the acquired shop does not stall."
880,I0629,Closure-as-a-Service for Colleges and Grad Programs,idea,Colleges and training programs under new federal loan caps and earnings tests,0.351,4,0,0.396,False,below cutoff,"Orchestrating orderly teach-outs, transcript custody and student transfers for shutting colleges and graduate programs that the new loan caps and demographics are about to gut."
881,I1308,Junior Studio OS for Teen Game Developers,wild,Independent game studios and creator businesses,0.365,3,0,0.395,False,below cutoff,"Payroll, enforceable contracts, a custodial legal shell and payout splitting for teenage Roblox and Fortnite creator teams that already run large studios without knowing they are businesses."
882,I0759,Mitigation Grant Packets for Small Towns,idea,"City and county governments: thin staff, grants and vendor oversight",0.431,3,2,0.394,False,cliché (2+ judges),A packet factory and compliance tracker that gets small governments through FEMA and state mitigation grants without clawbacks.
883,I0488,On-Demand Human Witnesses for Scrap and Recycled Claims,collide,"Recycling quality, distressed capacity and battery/EPR compliance",0.333,5,0,0.393,False,below cutoff,"A network of trained, insured, credentialed ex-auditors and QA people who can be dispatched within 24 hours to physically inspect scrap lots and witness recycled-content claims, producing tamper-evident signed reports."
884,I1259,Gig Income Shock Cover From Pooled Data,idea,"Gig, tipped and cash workers unable to prove income",0.347,4,0,0.392,False,below cutoff,"Insure the algorithm: pay drivers when they are deactivated or when regional platform earnings collapse, using pooled earnings data to defeat moral hazard."
885,I0296,Hatchery-Specific Phage Cocktails on Subscription,wild,"Farm and ranch risks: disease, cash, storage and machinery",0.347,4,0,0.392,False,below cutoff,"A monthly service that isolates each shrimp hatchery's own Vibrio strains and ships a custom bacteriophage cocktail to kill them, so hatcheries can stop using antibiotics."
886,I0774,Parametric Lease-Up Delay Insurance,idea,Repricing softening property markets,0.377,2,0,0.392,False,below cutoff,"Insurance that pays automatically if a public submarket days-to-lease index stays high during a building's lease-up, protecting developers' interest carry."
887,I1003,Celebration-of-Life Halls in Closed Churches,wild,Families choosing direct cremation with no ritual,0.361,3,0,0.391,False,below cutoff,Lease shuttered churches and run them as turnkey memorial venues sold at checkout by direct-cremation providers and hospices.
888,I0732,Tenant Childcare Consortium Powered by 45F Credits,collide,"Childcare shortage: providers, buildings and employer funding",0.361,3,0,0.391,False,below cutoff,"Turn a vacant floor in a multi-tenant office or medical office building into a shared licensed childcare center whose seats are bought by 10-40 small tenant employers, each claiming the expanded 45F credit through a landlord-led consortium."
889,I0128,Router-and-Breaker Screen Control Sold by Trades,collide,"Parents and adults managing phones, screens and AI toys",0.361,3,0,0.391,False,below cutoff,"HVAC, electrical and plumbing shops install tamper-proof, infrastructure-level screen and AI-companion controls as a maintenance-plan add-on for families with kids 8-15."
890,I1174,Compute-Heated Housing: GPUs as the Boiler Room,idea,"Data center build quality, commissioning and waste-heat reuse",0.361,3,0,0.391,False,below cutoff,"Put a liquid-cooled AI rack in an apartment tower's mechanical room and use its waste heat as the building's hot-water plant, cutting utility costs while hosting power-starved compute."
891,I0017,Independent Service Roll-Up for Lab Robots,idea,"Autonomous and AI-directed labs: infrastructure, safety and access",0.378,4,1,0.39,False,below cutoff,"Roll up independent service shops for liquid handlers and lab robots, using remote diagnostics and pooled parts to undercut OEM contracts for squeezed academic cores and CROs."
892,I0292,FinOps for Open-Banking Data Spend,idea,Cross-border money movement and stablecoin rails,0.375,2,0,0.39,False,below cutoff,Bank data access is turning into a metered cost. Do for aggregator bills what cloud FinOps did for AWS bills.
893,I0951,Burn Boss: Prescribed Fire as a Service,idea,Homeowners and communities losing property insurance in high-risk areas,0.359,3,0,0.389,False,below cutoff,"AI burn-window planning, permits, drone ignition crews and liability cover, so landowners can safely burn and insurers can pay for the risk reduction."
894,I1028,Hallmark-Style Microdramas for Women 45+,idea,Singular / uncategorized,0.389,1,0,0.389,False,below cutoff,"A genre studio making 60-episode vertical dramas (cozy mystery, faith-and-family, second-act romance) for the older female audience the romance-and-revenge apps under-serve, sold through web checkout."
895,I0299,Distressed Recycling Equipment Exchange,idea,"Recycling quality, distressed capacity and battery/EPR compliance",0.327,5,0,0.387,False,below cutoff,"A broker-refurbisher that moves equipment from failed US recycling plants to funded buyers abroad, with commissioning included."
896,I0752,Kitchen Circuit Retrofit for India's Induction Switch,idea,"Households upgrading homes: electrification, roofs and solar loans",0.341,4,0,0.386,False,below cutoff,"Induction demand is real but low-income wiring cannot handle it, so sell the safe electrical retrofit and finance it."
897,I0650,Vetted Remote Operators for Home Robots,idea,Teleoperated labor and remote pilot workforces,0.389,3,1,0.386,False,below cutoff,"A privacy-audited, background-checked, insured pool of remote operators who take over home and warehouse robots at their hard moments, sold to robot makers as the trust layer for teleoperation."
898,I0615,Muscle Ultrasound Scans as a Gym Vital Sign,idea,"GLP-1 patients' transitions: procedures, medication changes, quitting and aftercare",0.389,3,1,0.386,False,below cutoff,"A five-minute, AI-read thigh ultrasound that tells GLP-1 users and lifters whether they are keeping their muscle."
899,I1178,MCP Connectors for Emerging-Market Government Portals,collide,Merchants and bureaucracies that AI agents cannot reach or navigate,0.389,3,1,0.386,False,below cutoff,"The maintained tool layer, with a human fallback network, that lets agents file taxes, e-invoices and registrations in Kenya, Nigeria, India, Mexico and Brazil."
900,I0584,Scan-Before-Buyout: Digital Memory and Game Assets,collide,"Flood and fire survivors: mapping, buyouts, claims and rebuilding",0.325,5,0,0.385,False,below cutoff,Capture homes and streets in flood buyouts and burn zones in game-engine-grade 3D before demolition. The program pays for compliance and memorial; asset licensing to games and film is upside.
901,I0156,Integrity Desk for Grant Applications,idea,Gatekeepers drowning in AI-generated submissions and bot responses,0.34,4,0,0.385,False,below cutoff,"Cross-funder screening that catches AI-mass-produced applications, recycled proposals and forged partner letters before reviewers waste time."
902,I0744,Under-Canopy Grave Detection Survey Service,idea,Novel environmental and infrastructure data from satellites and crowd-sensing,0.34,4,0,0.385,False,below cutoff,"Find unmarked graves before the bulldozer does, using drone LiDAR that sees through trees, machine-learning triage and targeted ground-penetrating radar."
903,I0261,Idle Brewery Tanks as Biotech Pilot Plants,wild,Protein and fermentation capacity squeeze,0.369,2,0,0.384,False,below cutoff,"Retrofit closing or underused craft breweries into shared 200 to 2,000 liter fermentation pilot plants for food-ingredient, cosmetic-ingredient and biomaterial startups."
904,I0698,Magnetic Maps for GPS-Denied Drone Navigation,idea,"Aircraft and drone operators: maintenance, parts, permits and navigation",0.406,4,2,0.384,False,cliché (2+ judges),A data company that maps low-altitude magnetic anomalies and sells the layers that let cheap drones navigate without GPS.
905,I0914,"Health-Check Weekends Abroad, Vetted by US Doctors",wild,Preventive and longevity care outside conventional insurance,0.354,3,0,0.384,False,below cutoff,"Three- to four-day trips to Korean and Japanese comprehensive screening centers, with a US physician who prepares you before, translates results after, and coordinates follow-up back home."
906,I0223,Cremation Memorial Rooms in Vacant Office Space,collide,Families choosing direct cremation with no ritual,0.353,3,0,0.383,False,below cutoff,"Pay-per-event celebration-of-life rooms in empty ground-floor and office space for families choosing cremation, with an optional urn-niche wall run through a licensed cemetery partner as the long-term annuity."
907,I0500,Impersonation Firewall at the Distributor Gate,idea,Creators proving authorship and stopping unauthorized AI use of their work,0.352,3,0,0.382,False,below cutoff,"A KYC-style API that distributors call before publishing a release under an existing artist name, so one upstream check protects every streaming service at once."
908,I0805,Heat-Health Desk for Medicare Advantage Plans,idea,"Heat, fire and evacuation protection for vulnerable people",0.352,3,0,0.382,False,below cutoff,Forecast-triggered outreach and cooling delivery for the heat-vulnerable members whose hospital bills the health plan pays.
909,I0825,Drug Safety Radar for Pet Medicines,idea,"Veterinary practices: capacity, workforce, diagnostics and drugs",0.351,3,0,0.381,False,below cutoff,"A real-world evidence network that reads clinic notes and insurance claims to spot adverse events for newly launched pet drugs and biologics, sold to manufacturers as pharmacovigilance."
910,I0149,Program Survival Analytics for Regional Universities,idea,Colleges and training programs under new federal loan caps and earnings tests,0.336,4,0,0.381,False,below cutoff,"A subscription that tells provosts which degree programs will fail the new federal earnings tests and loan-cap economics as AI hollows out their feeder occupations, with a redesign playbook."
911,I1043,Risk and Insurance Stack for Pickleball Venues,idea,"Independent gyms, studios and racquet venues",0.417,3,2,0.38,False,cliché (2+ judges),"Incident logging, e-waivers, court-safety audits and an insurance program that make independent racquet venues insurable at fair prices."
912,I0995,Hype-Item Triage for Thrift and Charity Shops,persona,Resellers and liquidators of surplus and fandom goods,0.417,3,2,0.38,False,cliché (2+ judges),"A 10-second back-room scan station that tells thrift and charity staff which donated sneakers and collectibles are worth $150 instead of $12, then lists them online for a revenue share."
913,I1235,Independent Auditor of Real Agent-Commerce Volume,collide,"Investors, lenders and venues wanting real-economy ground truth",0.386,5,2,0.379,False,cliché (2+ judges),"A neutral measurement firm that separates real agent payments from wash trading and testing, then sells diligence to investors and behavioral AML monitoring to the trust banks that carry the flows."
914,I0231,Group-Block Attrition and Force Majeure Claims Desk,collide,"Overtouristed destinations, tour operators and independent hotels",0.364,2,0,0.379,False,below cutoff,"A 48-hour, outcome-priced desk that tells meeting and wedding planners whether the 2026 shocks let them escape or shrink hotel attrition penalties, and files the notices on time."
915,I0210,Emerging-Market Multigrade Methods for US Microschools,collide,"Microschools, homeschoolers and shrinking districts",0.333,4,0,0.378,False,below cutoff,"License and adapt proven low-cost, paper-based, self-paced multigrade teaching systems from Colombia, Bangladesh and India, and sell them as a turnkey kit and training to US microschools and shrinking rural districts."
916,I0029,Camera Sentinels for Screwworm on Ranches,idea,"Farm and ranch risks: disease, cash, storage and machinery",0.333,4,0,0.378,False,below cutoff,"Solar cameras at water troughs and chutes that flag wounded animals early, so ranchers can act before quarantine."
917,I0600,Opt-Out Time Machine for AI Training Compliance,idea,Rights-cleared human data and vetted expert workers for AI labs,0.385,5,2,0.378,False,cliché (2+ judges),"A historical archive of every site's machine-readable AI-training opt-outs (robots.txt, TDMRep, ai.txt, meta tags, headers) so model builders can prove what was reserved on the day they crawled."
918,I0786,CJIS 6.0 Identity Kit for Small Agencies,idea,"Rural sheriffs, jails and small police agencies",0.347,3,0,0.377,False,below cutoff,"A managed multifactor and identity-verification stack that works in patrol cars, radio dead zones and shared workstations, ready for the Oct 1, 2027 CJIS deadline."
919,I0217,Immigration Deadline Sentinel for Work-Permit Households,wild,Immigrant households and workers: status deadlines and paperwork,0.347,3,0,0.377,False,below cutoff,"The wealthy keep immigration counsel on retainer to calendar, file early and bridge gaps; for $20/mo, give H-4, OPT, asylum-applicant and DACA households an encrypted deadline vault and family-readiness plan."
920,I0733,Cell-Type-Restricted Promoters for Safer AAV,idea,Wet-lab reagents and screens for AI-designed therapeutics,0.347,3,0,0.377,False,below cutoff,"AI-designed, primary-cell-validated regulatory sequences that switch AAV or LNP transgenes on only in target tissues and off in the liver."
921,I1109,Identical Object Kits for Robot Data Farms,wild,Real-world skill and object data for robot and industrial-AI builders,0.347,3,0,0.377,False,below cutoff,"Manufacture and ship standardized kits of hundreds of everyday-object variants, panels of handles, hinges and knobs, and task fixtures, so that every home and lab collecting robot training data uses the same physical objects."
922,I1255,Mahjong Leagues for Senior Living Communities,idea,Loneliness and purpose: belonging programs for isolated adults and elders,0.347,3,0,0.377,False,below cutoff,"A turnkey mahjong program (kits, instructors, scoring app, inter-community leagues) sold to senior-living activity directors."
923,I0928,Recycled-Content Claim Defense Files,idea,"Brands substantiating origin, recycled-content and green claims",0.347,3,0,0.377,False,below cutoff,"Litigation-grade, SKU-level substantiation files for recycled-content claims, built on purchase-to-claim reconciliation rather than more certificates."
924,I0595,Parametric Outage Cover for Satellite Internet Users,idea,New-space economy: operator gaps and LEO service users' risks,0.361,2,0,0.376,False,below cutoff,A $60 probe network and parametric policy that pays cash when a satellite-dependent operation loses connectivity.
925,I0031,Affordable Capital-Stack Solver for Conversion Developers,idea,Repricing softening property markets,0.361,2,0,0.376,False,below cutoff,"A structuring engine and expert memo that tells first-time affordable developers which subsidy stack is fundable for a given office conversion, with a calendar of deadlines."
926,I0976,PFAS Test-Result Exchange for Small Brands,idea,"PFAS exposure, testing and disposal",0.361,2,0,0.376,False,below cutoff,"A members' data pool where small brands share lab results indexed by supplier, material lot and SKU, so nobody pays $500+ to test the same fabric or coating twice."
927,I0673,Extranet Takeover Defense for Independent Hotels,idea,Small firms and property managers defending against fraud and impersonation,0.361,4,1,0.373,False,below cutoff,"Managed monitoring and fraud response for hotels' OTA extranet logins and guest-messaging channels, the credential theft that turns into guest payment scams."
928,I0450,A Teaching Hospital Inside a Dead Hospital,wild,Shrinking institutions with idle buildings,0.341,3,0,0.371,False,below cutoff,Lease a wing of a closed hospital and run it as a full-scale simulation hospital that nursing schools rent by the student-day.
929,I0860,Heatwave Demand Signals for Cool-Climate Hotels,collide,"Overtouristed destinations, tour operators and independent hotels",0.353,2,0,0.368,False,below cutoff,"A revenue-management add-on that turns heatwave forecasts in origin cities into rate floors, minimum stays and direct-booking campaigns for hotels in cool refuge regions, days before the booking surge arrives."
930,I0322,Two A.M. Any-Tradition Rites and Interpreter Line,persona,"Hospice, dying and the first weeks of bereavement",0.353,2,0,0.368,False,below cutoff,"A 24/7 dispatch of vetted ritual specialists and death-trained interpreters for families outside the majority faith, sold to hospices and palliative units."
931,I1013,Passive Wellness Alerts From Water Meter Patterns,persona,Adult children managing aging parents from afar,0.404,3,2,0.367,False,cliché (2+ judges),"A subscription that texts an adult child, or their parent's home-care agency, when an older person living alone has no expected water activity: no wearable, no camera, just the meter that is already on the house."
932,I0663,Settlement Claim Autopilot for Ticket Buyers,idea,"Unclaimed money: settlements, refunds, penalties and unpaid invoices",0.306,5,0,0.366,False,below cutoff,"A privacy-first app that reconstructs a fan's ticket purchase history and files claims in ticketing settlements and refund orders, paid per validated claim by administrators and plaintiff firms."
933,I0538,Human Concierge for Phone-Free Adults,wild,"Parents and adults managing phones, screens and AI toys",0.335,3,0,0.365,False,below cutoff,"A $29 per month phone number staffed by humans who handle the app-only chores of modern life (QR menus, parking, rides, boarding passes, 2FA migration) so people can keep their dumbphone."
934,I0520,PO-Backed Working Capital for Drone Sub-Tier,idea,New defense and drone suppliers: compliance and financing hurdles,0.319,4,0,0.364,False,below cutoff,"A specialty lender that advances cash against Gauntlet-winner purchase orders to the motor, battery and casting shops that must ship first."
935,I0453,Facility-Clearance-in-a-Box and Cleared Bench,idea,New defense and drone suppliers: compliance and financing hurdles,0.319,4,0,0.364,False,below cutoff,A facility-clearance sponsor plus a rentable bench of already-cleared engineers for the wave of newly funded defense startups winning first classified subcontracts.
936,I0219,SOC 2 for Rent-Pricing Algorithms,idea,"Buyers unable to verify vendor, algorithm or AI-safety claims",0.352,4,1,0.364,False,below cutoff,An independent audit and continuous-monitoring attestation proving an operator's revenue-management tool uses lawful inputs and real human decisions.
937,I0318,Pet Sitters as Home-Energy Field Workforce,collide,"Households upgrading homes: electrification, roofs and solar loans",0.319,4,0,0.364,False,below cutoff,"A trained, insured network of pet sitters and dog walkers who already hold house keys and midday access, performing unlicensed home-energy tasks that stall electrification programs."
938,I0349,Bookkeeper-Run Payee Registry Against Invoice Fraud,collide,Small firms and property managers defending against fraud and impersonation,0.319,4,0,0.364,False,below cutoff,"Independent bookkeeping firms pool hashed vendor bank-account confirmations into a shared registry that flags fake invoices and 'new bank details' fraud at tiny businesses, then grows into a portable payment-reputation file for thin-file borrowers."
939,I1110,Laid-Off Auto Technicians to Water Operators,collide,"Small water utilities: staffing, revenue leakage, lead lines and nitrate",0.319,4,0,0.364,False,below cutoff,A paid-placement training pipeline that turns displaced auto and machinery technicians into licensed water and wastewater operators.
940,I0220,Turn Half-Empty School Wings Into Child Care,persona,"Childcare shortage: providers, buildings and employer funding",0.333,3,0,0.363,False,below cutoff,"A turnkey operator that leases empty classrooms in half-empty Title I elementary schools and runs licensed infant, toddler and before/after-school care in them."
941,I0426,Dr. Simi USA: Pharmacy-Plus-Consult for the Uninsured,wild,"Independent pharmacies squeezed by PBMs, refund floats and deserts",0.333,3,0,0.363,False,below cutoff,"Small-format, generic-first pharmacies with a nurse-practitioner consult room beside the counter, posted cash prices and no insurance needed, following Mexico's Farmacias Similares model and landing in US pharmacy deserts."
942,I1076,Offline Brain for Talking Toys,idea,"Parents and adults managing phones, screens and AI toys",0.333,3,0,0.363,False,below cutoff,"A sub-$20 on-device speech-and-language module that lets toys hold child-safe conversations with no cloud, no audio leaving the toy and parent-readable summaries on the parent's phone."
943,I1002,Do-Not-Clone Voice Registry With Inference-Time Checks,idea,Creators proving authorship and stopping unauthorized AI use of their work,0.333,3,0,0.363,False,below cutoff,"A privacy-preserving registry that voice-cloning vendors query before creating a clone, so voice actors and narrators can block or price unauthorized cloning at the moment of input."
944,I0674,Fuel Surcharge Autopilot for Route-Based Services,signal,Small trade and service firms underpricing and leaking margin,0.403,5,3,0.363,False,cliché (2+ judges),"An add-on for field-service software that adds a transparent, index-linked, capped and self-expiring fuel line to invoices, and explains it to customers."
945,I1226,Referee Body-Cams and Abuse Evidence Layer,idea,"Out-of-school time, phone-free play and youth sports safety",0.329,3,0,0.359,False,below cutoff,A clip-on camera and incident-report service that gives youth and high school officials proof and gives leagues grounds to ban abusive spectators.
946,I1115,Buyer-Side RFP Claim Verifier for Cities,idea,Gatekeepers drowning in AI-generated submissions and bot responses,0.347,4,1,0.359,False,below cutoff,Automated reference-checking and claim-testing for the flood of AI-polished bids that city procurement offices cannot separate.
947,I0230,Physically Verified Protocol Skills for Lab Agents,collide,"Autonomous and AI-directed labs: infrastructure, safety and access",0.347,4,1,0.359,False,below cutoff,"A registry of agent-executable bench protocols where every version has actually been run on real instruments in independent labs, with signed control readouts, like CI badges backed by experiments."
948,I0437,Retraining-Backed Severance for AI Layoffs,idea,"Employers restructuring for AI: layoffs, severance and displaced workers",0.361,3,1,0.358,False,below cutoff,"Employers replace resume-coaching outplacement with prepaid seats in shortage-role training plus a guaranteed interview pipeline, priced per re-employed worker."
949,I0081,Executor-of-Last-Resort for Solo Agers,idea,"Solo agers without family to act as proxy, executor or guardian",0.361,3,1,0.358,False,below cutoff,"A subscription that names a licensed fiduciary as your executor and runs daily wellness checks, so a childless retiree isn't found weeks late and handed to a court-appointed stranger."
950,I0735,Closing-Risk Radar for New-Construction Loan Officers,idea,"Small builders' crew coordination, permits and speed",0.313,4,0,0.358,False,below cutoff,"Forecasts which locked new-build closings will miss their rate-lock window, using permit and inspection data plus builder history, so loan officers extend cheaply or re-price before the buyer walks."
951,I0529,Trade-Crew Capacity Forward Book for Builders,signal,"Small builders' crew coordination, permits and speed",0.311,4,0,0.356,False,below cutoff,"A 12-week forward view of subcontractor crew availability for regional homebuilders, giving small builders the trade-partner visibility that Lennar has in-house."
952,I1336,Sleep-Apnea-to-GLP-1 Pathway for DME Suppliers,idea,"GLP-1 patients' transitions: procedures, medication changes, quitting and aftercare",0.325,3,0,0.355,False,below cutoff,"A co-management service that lets sleep labs and CPAP suppliers prescribe, retest and retain patients as they lose weight."
953,I1193,Independent Safety Registry for Pet Medicines,collide,"Veterinary practices: capacity, workforce, diagnostics and drugs",0.324,3,0,0.354,False,below cutoff,"A neutral post-market surveillance system for veterinary drugs and biologics, built on pet-insurance claims plus owner-reported outcomes."
954,I0680,Verified Cool-Night Rooms for Heat-Stressed Europe,idea,"Overtouristed destinations, tour operators and independent hotels",0.339,2,0,0.354,False,below cutoff,"Cheap in-room sensors prove a hotel room stays below about 26C at night, sold as a certificate, a refund guarantee and a machine-readable rating for booking agents."
955,I1265,App-Diet Service for the Phone-Upgrade Freeze,idea,Smallholders and rural households in emerging markets,0.309,4,0,0.354,False,below cutoff,"As phones get unaffordable, today's handset becomes a five-year handset, so old-device performance decides who keeps users."
956,I0179,Hotel-Signed Days-in-Country Proofs for Remote Teams,collide,"Workforce compliance for remote, tipped and platform workers",0.324,3,0,0.354,False,below cutoff,"Hotels and co-living spaces issue signed, privacy-minimal 'nights in this country' attestations, so employers can prove where remote staff worked without tracking their phones."
957,I0122,Resident Proof for Two-Tier Tourist Pricing,idea,"Overtouristed destinations, tour operators and independent hotels",0.338,2,0,0.353,False,below cutoff,"A privacy-preserving QR proof of residence lets towns, museums and transit charge visitors more and locals less without building databases or discriminating by nationality."
958,I1070,Exchange for Shelved Academic Projects and Null Data,persona,Biotech capital: diligence and salvage,0.306,4,0,0.351,False,below cutoff,"Buy the 'graveyard' of academic labs, meaning abandoned projects, validated knockout lines, half-built assays and failed-experiment data, and resell them as dossiers with an interview slot to seed biotechs and AI-bio data teams. Supply is anchored by a paid lab-closure clearance service."
959,I0891,Screwworm-Era Rescue Transport Compliance Desk,idea,"Pets at risk: owner crises, shelters and transport paperwork",0.306,4,0,0.351,False,below cutoff,"With screwworm confirmed in Texas, dogs leaving Texas and New Mexico need a fresh vet inspection certificate and destination permits; run the compliance desk that keeps shelter transports moving."
960,I0129,Drone Incident Desk for Cities and Venues,idea,"Rural sheriffs, jails and small police agencies",0.353,3,1,0.35,False,below cutoff,"Detection-to-handoff service that turns a drone sighting into a documented, legally routed federal referral for local agencies that cannot legally jam anything."
961,I0032,Scam Fire Drills: A Security Detail for Grandparents,wild,Seniors targeted by impersonation scams and the institutions that bear the losses,0.338,4,1,0.35,False,below cutoff,"Wealthy families run kidnap and extortion protocols with duress words and a 24/7 first-response team; for $20/mo, give ordinary families rehearsed scam drills and a 15-minute fraud hotline, funded partly by the banks that eat the losses."
962,I1225,Slop-Risk Diligence for Creator-Business Buyers,idea,Independent game studios and creator businesses,0.319,3,0,0.349,False,below cutoff,"A fixed-price quality-of-earnings report that prices the platform-policy cliff hiding inside a YouTube channel, newsletter or podcast network for sale."
963,I0933,Disposition Authority Registry for Chosen Family,persona,"Solo agers without family to act as proxy, executor or guardian",0.319,3,0,0.349,False,below cutoff,A verified registry that lets hospitals and funeral homes instantly find out who legally controls a person's body when that person is not the state's default next of kin.
964,I0563,Crawlspace Robots for the 44-Year-Old House,idea,Condition monitoring for asset owners and their service contractors,0.319,3,0,0.349,False,below cutoff,"Small tracked robots that scan, photograph and eventually air-seal and insulate the crawlspaces and attics humans dread, starting as a quote-enabling survey service."
965,I0487,Timed Slots for Viral Fields and Harvest Rescue,collide,"Overtouristed destinations, tour operators and independent hotels",0.333,2,0,0.348,False,below cutoff,"Ticketing built around bloom and ripeness windows that turns crop-trampling influencers and crew-short fields into capped, paid visitor days."
966,I0192,Practice-in-a-Box for Licensed Paraprofessionals,wild,Entry-level pipeline broken by AI,0.333,2,0,0.348,False,below cutoff,Turn displaced paralegals into licensed legal paraprofessionals who can legally sell AI-leveraged flat-fee services directly to the public in states that now allow it.
967,I0612,Member-Owned Healthspan Co-ops on the HSA Cap,wild,Preventive and longevity care outside conventional insurance,0.351,3,1,0.348,False,below cutoff,"Affinity groups of 300-400 households co-own a small primary-care practice on a roughly $99-129 monthly membership that is now HSA-compatible, use group visits, and buy elite screening at pooled cash prices."
968,I0302,Youth-Slang Drift API for Safety Teams,idea,Youth online safety and age-assurance compliance for small platforms,0.333,2,0,0.348,False,below cutoff,"A continuously updated, human-verified lexicon and drift detector for Gen Alpha and teen slang, coded risk terms and grooming language, sold as an API to moderation and school-safety teams."
969,I1153,Battery-Aware 3PL for Military Drone Fleets,collide,New defense and drone suppliers: compliance and financing hurdles,0.335,4,1,0.347,False,below cutoff,"A defense-cleared logistics provider built for lithium-powered drones: storage, battery conditioning, kitting, hazmat pack-out and repair depot for the Pentagon's tens of thousands of attritable UAS."
970,I0534,Insured Filing Clerk for Multi-City Contractor Licenses,idea,Merchants and bureaucracies that AI agents cannot reach or navigate,0.417,3,3,0.347,False,cliché (2+ judges),"A computer-use agent that renews and files contractor and business licenses across city and county portals that have no APIs, backed by a penalty warranty."
971,I0023,Inventory Clearinghouse for Game Stores,idea,Trading cards and collectibles market infrastructure,0.347,1,0,0.347,False,below cutoff,A store-to-store exchange and standing bid desk that converts hobby shops' slow-moving sealed product into cash or swaps for what customers actually want.
972,I0364,Referee Pathway: Officiating as a School Credential,collide,"Out-of-school time, phone-free play and youth sports safety",0.316,3,0,0.346,False,below cutoff,"A semester-long, credit-bearing officiating course that puts teens in mentored cohorts on paid youth games, fixing the referee shortage by fixing retention."
973,I0731,Agentic Crypto Trace-and-Freeze Desk for Police,idea,Banks and platforms disrupting scam networks and recovering victims' funds,0.364,2,1,0.346,False,below cutoff,"An AI forensic analyst that traces a victim's stolen crypto across chains in minutes and drafts freeze requests, sold to local police who receive these reports but cannot trace."
974,I0655,Retrain Displaced Managers for Data-Center Builds,idea,"Employers restructuring for AI: layoffs, severance and displaced workers",0.347,3,1,0.344,False,below cutoff,"A 10-week bridge program that turns laid-off program managers, analysts and ops leads into project-controls, cost-estimating, commissioning-paperwork and permitting roles at data-center and grid builders."
975,I0824,Billable Legacy Circles for Advance Care Planning,collide,Loneliness and purpose: belonging programs for isolated adults and elders,0.347,3,1,0.344,False,below cutoff,"Community 'legacy circles' where older adults tell their life stories and finish their advance directives, with a clinician in the room to bill the Medicare advance-care-planning visit."
976,I0143,Heat and Smoke Stop-Day Kit for Outdoor Crews,idea,"Workforce compliance for remote, tipped and platform workers",0.381,3,2,0.344,False,cliché (2+ judges),"Text-message heat and smoke compliance for small outdoor employers, sold through comp carriers and PEOs, with parametric stop-day cover to follow."
977,I0473,Community Radio as a Paid Knowledge API,collide,Smallholders and rural households in emerging markets,0.298,4,0,0.343,False,below cutoff,"Turn African community-radio call-in shows into a live, district-level, per-call-priced local-truth feed that farm agents and lenders pay for, with stations keeping most of the revenue."
978,I1339,Same-Day Sub and Coach Bench for Home Daycares,collide,"Childcare shortage: providers, buildings and employer funding",0.313,3,0,0.343,False,below cutoff,"A membership that guarantees a licensed home daycare a vetted substitute within hours and, when a child's behavior threatens expulsion, an on-call early-childhood coach, so licensed slots stay open and parents keep their jobs."
979,I1260,Cool-Cap Ledger: Indoor Temperature Evidence for Landlords,idea,Condition monitoring for asset owners and their service contractors,0.312,3,0,0.342,False,below cutoff,"Low-cost sensors and tamper-evident logs that give landlords, tenants and inspectors one accepted reading of indoor temperature."
980,I0206,Notice Red-Team and Pleading Triage for Landlords,idea,"Landlords in soft markets: vouchers, evictions, vacancies and retention",0.349,5,2,0.342,False,cliché (2+ judges),"An adversarial checker that tries to break every eviction notice before it is served, then triages incoming AI-drafted pleadings and prices cash-for-keys exits."
981,I1233,Physical-Properties Index for Every SKU,idea,Real-world skill and object data for robot and industrial-AI builders,0.345,3,1,0.341,False,below cutoff,"A shared 'Gracenote for grasping': weight, center of mass, deformability, best grip points and packaging traits for millions of SKUs, sold to pick-robot makers and brands."
982,I0736,Child-in-the-Room Detector for Voice AI,idea,Youth online safety and age-assurance compliance for small platforms,0.325,2,0,0.34,False,below cutoff,"A tiny on-device SDK that infers from a few seconds of speech whether a speaker is likely a child, so voice assistants, cars, TVs and toys can drop into a safe policy tier without any login, camera or ID."
983,I0630,Consented Elder-Speech Data Co-op via Storytelling Clubs,collide,Rights-cleared human data and vetted expert workers for AI labs,0.278,5,0,0.338,False,below cutoff,"Senior-living oral-history clubs where residents opt in, get a life-story book and pay, and their de-identified speech is licensed under strict speech-recognition-only, no-cloning terms to voice-AI and ambient-scribe companies."
984,I0572,Glasses-Free Zone: Smart-Glasses Detection Kits,wild,Recorded and AI-created data exposure for small firms,0.293,4,0,0.338,False,below cutoff,"A detection-plus-policy kit for rooms where camera glasses cannot be allowed (exam centers, courtrooms, medical rooms, locker rooms, poker rooms), with logged, defensible procedures."
985,I0658,Film Camera Repair Guild and Parts Mill,idea,Customers stranded when a product's maker disappears,0.292,4,0,0.337,False,below cutoff,"A training-plus-parts network that multiplies the number of people able to repair 1970s-90s film cameras, using 3D-printed and machined parts and paid video teardown courses."
986,I1120,Parking-Slot Gates for Overrun Villages,idea,"Overtouristed destinations, tour operators and independent hotels",0.322,2,0,0.337,False,below cutoff,Sell tiny hotspot villages and trailheads a plate-recognition parking and coach-slot reservation system whose price rises until arrivals fit a hard cap.
987,I0155,Home-Readiness Crews for Hospital-at-Home Programs,idea,"Home and residential care: labor supply, family caregivers and small-scale models",0.292,4,0,0.337,False,below cutoff,On-call crews that make a patient's home hospital-ready in hours and provide a non-clinical overnight presence for the first 72 hours.
988,I0766,Solar Defection Radar for African Utilities,idea,Smallholders and rural households in emerging markets,0.292,4,0,0.337,False,below cutoff,"Africa's invisible solar and battery boom leaves utilities, banks and insurers blind, so measure it district by district."
989,I0226,Remote-Driven Tractors for the Door-to-Door Leg,idea,Teleoperated labor and remote pilot workforces,0.306,3,0,0.336,False,below cutoff,"Teleoperated tractors, driven from desks by remote drivers, that shuttle trailers between autonomous-truck terminals and customers' docks within about 30 miles."
990,I0361,Data Centers That Make Water From Waste Heat,idea,"Data center build quality, commissioning and waste-heat reuse",0.306,3,0,0.336,False,below cutoff,Containerized membrane-distillation skids that use a liquid-cooled data center's own warm return loop to turn cooling-tower blowdown or brackish well water into clean make-up water.
991,I1095,Lake Ice Posts for Ice-Fishing Resorts,wild,Condition monitoring for asset owners and their service contractors,0.306,3,0,0.336,False,below cutoff,"Cheap solar LoRa thermistor-chain posts frozen into lake ice along access routes, giving resort operators and snowmobile clubs a live thickness trend and rate-of-change alerts on a seasonal subscription."
992,I0946,Enclave Escrow: Buy Data by Measured Lift,wild,"Payments, escrow, disputes and human fulfilment for agent transactions",0.306,3,0,0.336,False,below cutoff,"A confidential-compute clean room where the buyer's evaluation runs on the seller's data inside an attested enclave, and the price is set by the measured lift, so neither side reveals its asset before agreeing."
993,I0872,"Ear-Coach for Early-Ed Teachers, Paid by QRIS",idea,"Childcare shortage: providers, buildings and employer funding",0.306,3,0,0.336,False,below cutoff,"Classroom-audio analysis that scores teacher-child interactions the way trained CLASS observers do and coaches staff weekly, sold to centers as a path to higher state quality-rating tiers and higher reimbursement."
994,I0922,Swarf Stabilization for New US Magnet Plants,idea,Critical minerals and rare-earth supply chain recovery and provenance,0.306,3,0,0.336,False,below cutoff,"Hazmat-grade stabilization, transport and recycler routing for the pyrophoric NdFeB grinding swarf that new US magnet plants will produce in tonnes."
995,I0986,Whey-Free Calf Milk Replacer,idea,Protein and fermentation capacity squeeze,0.319,2,0,0.334,False,below cutoff,"Sell alternative-protein milk replacer to calf raisers hit by whey prices, where functionality demands are far looser than in food."
996,I0542,Protein Allocation Co-op for Mid-Size Brands,idea,Protein and fermentation capacity squeeze,0.319,2,0,0.334,False,below cutoff,A buyers' co-op that pools forward volume for whey and reformulates around shortages for brands too small to get allocation.
997,I0366,Second-Opinion Price Check for Vet Estimates,signal,Pet owners and insurers squeezed by rising vet bills,0.389,4,3,0.334,False,cliché (2+ judges),"Upload a photo of a vet estimate and get a line-by-line price benchmark and a list of questions to ask your vet within 24 hours, from vet-tech reviewers, for $19-29."
998,I0866,Weather-Indexed Revenue Cover for Outdoor Micro-Businesses,idea,Fast parametric cash for weather and disaster shocks,0.319,4,1,0.331,False,below cutoff,"Per-day parametric policies that pay out within an hour when rain, heat or smoke hits a vendor's venue, priced from the vendor's own sales history."
999,I1030,Portable MRI Vans for Alzheimer's Drug Safety Monitoring,idea,Dementia and Alzheimer's care at home and in memory care,0.301,3,0,0.331,False,below cutoff,A mobile low-field MRI service that scans anti-amyloid patients at home or in memory-care communities for brain-swelling safety checks.
1000,I1018,Transformer-Level VPP That Defers Replacements,idea,Utilities avoiding costly network upgrades with distributed flexibility,0.319,4,1,0.331,False,below cutoff,"Orchestrate home batteries, water heaters and chargers under each overloaded transformer, and get paid by the utility for every replacement you delay."
1001,I0901,Revenue Recovery From Blocked Shopping Agents,idea,Merchants and bureaucracies that AI agents cannot reach or navigate,0.333,3,1,0.33,False,below cutoff,"Synthetic agent shoppers try to buy from your store every night, find where bot defenses and checkout kill legitimate agent orders, and you pay a cut of the sales recovered."
1002,I0130,First-72-Hours Concierge for Paid Communities,persona,Independent game studios and creator businesses,0.333,3,1,0.33,False,below cutoff,"An outcome-priced service that staffs experienced ex-power-mods to personally handle every new member's first three days in creator-run paid communities, cutting the week-one churn that drains recurring revenue."
1003,I0402,Savings Groups as Verified Human Endpoints for Agents,collide,"Payments, escrow, disputes and human fulfilment for agent transactions",0.333,3,1,0.33,False,below cutoff,"A group-guaranteed 'verify this physical fact' API, fulfilled by African savings groups and starting with solar and battery installations."
1004,I0992,Sell Heat Pumps to Health Plans,idea,"Households upgrading homes: electrification, roofs and solar loans",0.284,4,0,0.329,False,below cutoff,Sell home electrification to Medicaid and Medicare Advantage plans as a cost-of-care reduction instead of selling it to homeowners as a climate upgrade.
1005,I0683,Medicare GLP-1 Bridge Eligibility and Prior-Auth Navigator,signal,"Access, affordability and supply integrity for GLP-1 and compounded drugs",0.311,2,0,0.326,False,below cutoff,"A 2-minute eligibility check and clinician-ready prior-auth packet for the $50/month Medicare GLP-1 Bridge, sold to caregivers, independent pharmacies and primary-care offices before the window closes in December 2027."
1006,I1204,Size-Glide: Reversible Tailoring for GLP-1 Wardrobes,wild,Businesses adapting to GLP-1 users' changed consumption,0.281,4,0,0.326,False,below cutoff,"Prepaid mail-in take-in tailoring, done with reversible seams, that follows a GLP-1 patient down (and back up) through 3-5 sizes, sold as a retention perk to the telehealth programs that prescribe the drugs."
1007,I0656,Cross-Border Clearinghouse for VTuber Merch,idea,Resellers and liquidators of surplus and fandom goods,0.295,3,0,0.325,False,below cutoff,A duty-paid storefront and fulfillment rail for VTuber agencies that pre-sells to overseas fans and clears unsold Japanese inventory to them.
1008,I0397,Master-Leased Housing to Recruit Care Workers Domestically,idea,Housing for workers priced out of tight markets,0.31,2,0,0.325,False,below cutoff,"Asset-light staff housing near care facilities that lets operators recruit domestic workers from a wider radius, starting with stranded worker apartments."
1009,I0449,Book the Unbookable: Agents for Offline Suppliers,idea,Merchants and bureaucracies that AI agents cannot reach or navigate,0.361,3,2,0.324,False,cliché (2+ judges),"A voice-and-WhatsApp agent phones, negotiates and confirms bookings with small inns, guides and boat operators that have no API, then turns each one into bookable inventory."
1010,I0590,Layoff Compliance Autopilot for Mid-Size HR,idea,"Employers restructuring for AI: layoffs, severance and displaced workers",0.361,3,2,0.324,False,cliché (2+ judges),"Software plus expert review that generates every notice, filing and adverse-impact analysis a reduction-in-force needs, including a documented record of whether AI or restructuring drove each decision."
1011,I1077,Pooled Radiation Test Data for Commercial Chips,idea,New-space economy: operator gaps and LEO service users' risks,0.309,2,0,0.324,False,below cutoff,A subscription database and beam-time broker so satellite builders stop each paying to test the same commercial chips.
1012,I0119,Unlisted: The Agent-Proof Offline Guide,wild,Singular / uncategorized,0.324,1,0,0.324,False,below cutoff,"A numbered, mailed-only paper guide plus a human phone line for restaurants, bars, and shops that deliberately cannot be found or booked by AI agents."
1013,I0562,The Master's Letter Apprenticeships,wild,"Verifying real human skill, identity and authorship in hiring and education",0.294,3,0,0.324,False,below cutoff,"Six-week, premium apprenticeships with master craftspeople that give teens the one credential AI cannot counterfeit: a named human's signed, callable letter about what they actually did."
1014,I0712,Independent Lab Certifying AI Detectors and Watermarks,idea,"Buyers unable to verify vendor, algorithm or AI-safety claims",0.278,4,0,0.323,False,below cutoff,An AV-TEST-style lab that red-teams detectors and watermarks every month and sells certification seals and buyer reports.
1015,I0513,Hard-Alloy Print Recipes via Sample-Efficient AI Campaigns,signal,US machine shops and reshoring manufacturers,0.278,4,0,0.323,False,below cutoff,Sell validated 3D-print parameter recipes and 40-build AI-guided optimization campaigns so ordinary mid-power metal printers can make alloys that normally need rare high-power machines.
1016,I0234,Reuse Exchange for Closing Parish Contents,idea,Shrinking institutions with idle buildings,0.293,3,0,0.323,False,below cutoff,"A cataloging, canon-law compliance and matching service that moves stained glass, statues, vestments, bells and furniture from closing parishes to churches that need them."
1017,I1162,Lights-Out Receiving Network for Driverless Freight,idea,Autonomous-vehicle fleets' ground infrastructure and stakeholders,0.293,3,0,0.323,False,below cutoff,On-demand night-shift dock crews plus remotely operable gates and dock doors so driverless trucks arriving at 3 a.m. actually get inspected and unloaded.
1018,I0888,Data Act Unlock for Hotel Connected Equipment,collide,EU digital product laws for small connected-device makers,0.278,4,0,0.323,False,below cutoff,"Use the EU Data Act's user-access rights to pull hotels' own data out of locked vendor clouds (HVAC, locks, laundry, elevators) into an energy and maintenance ledger that third-party service firms can plug into."
1019,I0551,Reserve-Crew Backup Photographers for Wedding Day Emergencies,persona,"Small venues, performers and event vendors",0.292,3,0,0.322,False,below cutoff,"A paid-standby bench of pre-vetted, style-matched backup photographers who can be dispatched within 2-3 hours, sold to solo photographers as a subscription and to wedding insurers as claims fulfillment."
1020,I0276,Smoke-and-Heat Escape Benefit for Remote Teams,collide,"Heat, fire and evacuation protection for vulnerable people",0.292,3,0,0.322,False,below cutoff,"An employer-paid standby membership that, when smoke, heat-dome or evacuation triggers hit, moves remote employees within hours into pre-contracted hotel rooms with a tested desk and wifi outside the hazard zone."
1021,I0051,Live Read-Aloud Rooms Staffed by Displaced Narrators,collide,Loneliness and purpose: belonging programs for isolated adults and elders,0.324,3,1,0.32,False,below cutoff,"Landline-friendly live group reading sessions led by professional audiobook narrators for isolated and low-vision elders, sold to agencies as a human alternative to free AI companion robots, with an attested 'human minutes' ledger."
1022,I0929,Savings Groups Finance Apprenticeships via Income-Share,collide,Informal finance and payment frictions in emerging markets,0.274,4,0,0.319,False,below cutoff,"A mobile-money tool that lets a village savings group use its year-end share-out to pay a workshop for a young member's apprenticeship and starter toolkit, then collect 10-12% of that apprentice's income for two years back into the group."
1023,I0972,The Junior Bench: Rent-a-Resident for AI Review,idea,Entry-level pipeline broken by AI,0.335,2,1,0.317,False,below cutoff,"Mid-size accounting, legal and insurance firms rent trained new grads for 12 weeks to verify their AI-produced work, rebuilding the vanished junior rung as a paid residency."
1024,I0489,Flood Closing Desk for Title Agents,idea,"Home closings, condo boards and HOAs tangled in title and records rules",0.272,4,0,0.317,False,below cutoff,"A day-one flood file on every purchase: elevation, zone challenge, private flood substitute and NFIP-lapse fallback."
1025,I0385,Allergen Drift Alerts for School Cafeterias,wild,Food and beverage producers facing new rules and safety risks,0.27,4,0,0.315,False,below cutoff,A weekly diff engine over the open Open Food Facts and USDA Branded Food Products data that tells school nutrition directors when a product on their order guide silently changed its allergens.
1026,I0412,Legal Hold and Discovery for Agent Traces,idea,"Small litigation practices lacking evidence, records and benchmark tools",0.35,3,2,0.314,False,cliché (2+ judges),"Custodian mapping, hold notices and defensible export for the agent logs that are becoming the new email in litigation."
1027,I0498,Flat-Fee Guarantee Against Runaway Agent Bills,idea,"AI builders' dependency risk: model retirement, cost blowouts and platform death",0.347,3,2,0.311,False,cliché (2+ judges),"Pay a few percent on top of model spend and the guarantee absorbs any overnight blowout above a hard multiple of baseline, enforced by an inline kill switch."
1028,I0212,Compliance Rail for Verified Bio-AI Labs,idea,"Autonomous and AI-directed labs: infrastructure, safety and access",0.366,4,3,0.311,False,cliché (2+ judges),"A 'SOC 2 for AI-directed biology': fast dossiers plus continuous evidence collection that let small labs qualify for, and keep, verified access to frontier bio-AI."
1029,I0642,Chip-to-Billet Solid-State Metal Mini-Mills,idea,"Recycling quality, distressed capacity and battery/EPR compliance",0.25,5,0,0.31,False,below cutoff,"Turn aluminum machining chips directly into billet, rod or wire by friction extrusion, with no remelting, first as a tolling service and then as on-site micro-mills."
1030,I0676,Insurer-Funded Chronic Care for Diabetic Pets,collide,Pet owners and insurers squeezed by rising vet bills,0.298,4,1,0.309,False,below cutoff,"A tech-led diabetes and kidney-disease program for insured pets, paid per member per month by insurers who capture the avoided ER claims."
1031,I0337,"Bot-Proof Local Comments: Verified Neighbors, Pseudonymous",wild,Trusted online signals from verified real people,0.278,3,0,0.308,False,below cutoff,"Secret and Yik Yak died of unaccountable anonymity and Digg's March 2026 relaunch died of bots; the missing primitive is 'one real human, from this place, no real name', and local newsrooms and city councils will pay for it."
1032,I0834,Robot Pack-Opening with Chain-of-Custody,idea,Trading cards and collectibles market infrastructure,0.308,1,0,0.308,False,below cutoff,"A neutral facility and machine that opens sealed trading-card packs on camera without human hands, sorts hits and ships them, so buyers can trust a break."
1033,I0157,Guest-Funded Wildfire Hardening for Vacation Rentals,collide,Homeowners and communities losing property insurance in high-risk areas,0.278,3,0,0.308,False,below cutoff,"An opt-in per-night 'fire-safe stay' fee that lets guests pay down the ember-proofing of the vacation homes they rent, unlocking insurance credits and renewals for owners who cannot afford the retrofit."
1034,I0344,Tariff Exposure Radar by House Plan,idea,"Tariff cost, classification and customs for small importers",0.292,2,0,0.307,False,below cutoff,"A per-plan bill-of-materials scan that flags the small imported, tariff-exposed slice of inputs, prices the swing and proposes lower-exposure substitutes."
1035,I0898,Succession Roll-Up for Retiring Solo Therapists,idea,"Owner wind-down, sudden death and tacit-knowledge handoff",0.295,4,1,0.306,False,below cutoff,"A service that brokers and buys retiring solo practices and transitions clients to vetted associates, so clients are not orphaned and young clinicians inherit a full caseload."
1036,I0451,Outpatient Parvo Kits for Shelters and Low-Cost Clinics,idea,Pet owners and insurers squeezed by rising vet bills,0.257,4,0,0.302,False,below cutoff,"Parvo is treated as inpatient-only, but a standardized ambulatory protocol in a box plus remote nurse monitoring can cut cost per case dramatically for shelters that otherwise euthanize."
1037,I0606,Robot Access Passport for Commercial Buildings,idea,Deploying robots in the real world,0.319,2,1,0.301,False,below cutoff,"One certified robot identity, insurance certificate and elevator/door gateway that lets any delivery, cleaning or humanoid robot enter a building, with landlords collecting a fee."
1038,I0756,Security Grant Desk for Small Congregations,idea,Singular / uncategorized,0.3,1,0,0.3,False,below cutoff,"Flat-fee application, vulnerability-assessment and post-award compliance packages for small houses of worship using FEMA's Nonprofit Security Grant Program and state equivalents."
1039,I0169,Plug-In Electrification Kits for Landlords,idea,"Households upgrading homes: electrification, roofs and solar loans",0.319,4,2,0.298,False,cliché (2+ judges),"Sell curated no-new-circuit kits (120V heat pump water heaters, window heat pumps, induction, balcony solar) to small landlords and housing authorities as an electrician-light retrofit."
1040,I0654,Brewery Tank-Time for Fermentation Startups,wild,Protein and fermentation capacity squeeze,0.283,2,0,0.298,False,below cutoff,"Rent the empty fermenters of struggling craft breweries to early-stage fermentation companies that cannot get pilot-scale capacity, with standard SOPs and insurance."
1041,I0505,Charged Battery Cylinders for Market Traders,idea,Smallholders and rural households in emerging markets,0.319,4,2,0.298,False,cliché (2+ judges),"Deliver and swap standardised 2 kWh LFP packs daily to market traders, the way gas cylinders are sold."
1042,I0421,Laid-Off Managers Buy Retiring Owners' Funeral Homes,collide,"Independent funeral homes facing key-person, overnight and consolidation pressure",0.253,4,0,0.298,False,below cutoff,"A matchmaker, training cohort and SBA-loan packager that pairs displaced mid-career operators with retiring owners of independent funeral homes, so local homes stay local and the buyers get AI-proof, trust-based work."
1043,I1063,Triage Software for Satellite-SOS Rescue Teams,idea,"Rural sheriffs, jails and small police agencies",0.266,3,0,0.296,False,below cutoff,"Intake, deduplication and dispatch software for county and volunteer search-and-rescue teams flooded by satellite SOS messages."
1044,I0458,Robot-Training Disassembly Lab for E-Scrap Magnets,collide,Real-world skill and object data for robot and industrial-AI builders,0.266,3,0,0.296,False,below cutoff,"A small teardown shop where displaced office workers are paid to take apart hard drives and servers on camera, so sales of robot-training data cover the labor that makes rare-earth magnet recovery uneconomic."
1045,I0448,Consumer-Side Debt Negotiation Agent for Brazil,idea,Households in debt distress,0.284,4,1,0.296,False,below cutoff,A WhatsApp agent that reads a household's Open Finance data and negotiates all its debts on the debtor's behalf.
1046,I1252,Independent Gauntlet for Police and Counter-Drone Buyers,collide,"Buyers unable to verify vendor, algorithm or AI-safety claims",0.25,4,0,0.295,False,below cutoff,"A buyer-funded, video-first test lab that flies and publishes open-protocol results on police first-responder drones and counter-drone detection, the way the Pentagon's public Gauntlets do for its own buyers, funded by agency subscriptions and never by vendors."
1047,I0010,Pet Continuity Guarantee Funded by Shelters and Hospitals,persona,"Pets at risk: owner crises, shelters and transport paperwork",0.25,4,0,0.295,False,below cutoff,"A membership that guarantees an older adult's pet is picked up within hours of a hospitalization and rehomed after death, paid for by the shelters and hospitals that currently absorb the cost."
1048,I0746,Leak-Proof Outsourcing Passport for Game Studios,collide,"Buyers unable to verify vendor, algorithm or AI-safety claims",0.25,4,0,0.295,False,below cutoff,"Contractor identity checks at first build access, per-recipient build watermarking and reusable vendor security attestations for the outsourcing chain (art, audio, QA, porting) that leaks unreleased games."
1049,I0082,Launch and Reentry Airspace Forecasts for Airlines,idea,"Aircraft and drone operators: maintenance, parts, permits and navigation",0.25,4,0,0.295,False,below cutoff,"A dispatcher-facing forecast of whether launch and debris closures will really happen, and what rerouting will cost."
1050,I0244,Roof Reserve for the ACV Roof Coverage Gap,idea,Homeowners and communities losing property insurance in high-risk areas,0.264,3,0,0.294,False,below cutoff,"A monthly plan that pre-funds a fixed-price roof replacement, covering the depreciation gap created when owners move to ACV roof coverage."
1051,I0527,Depot Finder for Robotaxi Fleets,idea,Autonomous-vehicle fleets' ground infrastructure and stakeholders,0.264,3,0,0.294,False,below cutoff,"A power-first site database and brokerage matching robotaxi fleets to half-empty garages, office podiums and big-box lots with unused electric service."
1052,I1053,Parametric Insurance on Colorado River Shortage,idea,Water scarcity: irrigation allocation and new supply,0.264,3,0,0.294,False,below cutoff,"Insurance and hedges that pay out when official Colorado River operating triggers or reservoir projections cross agreed thresholds, sold to large industrial and municipal water buyers."
1053,I0990,Posthumous Likeness Trusts for Creators,idea,Creators proving authorship and stopping unauthorized AI use of their work,0.264,3,0,0.294,False,below cutoff,"Estate planning for people whose face and voice already earn money: who may license their AI replica, who may not, and how it is enforced."
1054,I0416,Cinemas and Arcades as Paid Heat Refuges,collide,"Heat, fire and evacuation protection for vulnerable people",0.264,3,0,0.294,False,below cutoff,"A standby network of independent cinemas, bowling alleys, arcades and LAN centers that counties activate on heat and smoke days and pay per verified visit."
1055,I0201,Small-Claims Autopilot for Unpaid Invoices,idea,"Unclaimed money: settlements, refunds, penalties and unpaid invoices",0.333,5,3,0.293,False,cliché (2+ judges),"Take a solo operator from unpaid invoice to demand letter, filing, service, hearing prep and enforcement in a self-help flow."
1056,I0465,Proof-of-Workout Fraud Shield for Fitness Incentives,idea,Singular / uncategorized,0.292,1,0,0.292,False,below cutoff,"A verification API that scores whether a gym visit or workout really happened, priced per verified event."
1057,I0956,Signed Authority Certificates for Buying Agents,idea,Accountability and guardrails for AI agents acting for others,0.329,3,2,0.292,False,cliché (2+ judges),"Companies issue legally strong, machine-verifiable certificates saying which agent may order what, up to what amount, from whom, so suppliers can trust agent-placed orders."
1058,I0123,Protein Cartridges for Heavy Rare-Earth Polishing,idea,Critical minerals and rare-earth supply chain recovery and provenance,0.26,3,0,0.29,False,below cutoff,"Skid-mounted cartridges of engineered lanmodulin-type proteins that separate heavy rare earths (Dy, Tb) from magnet-recycling leachate without long solvent-extraction chains."
1059,I0256,Moonlighting and IP Clearance for AI Experts,idea,Rights-cleared human data and vetted expert workers for AI labs,0.23,5,0,0.29,False,below cutoff,"A concierge that checks and files the employer-disclosure, IP-assignment and confidentiality paperwork professionals need before moonlighting as AI-training experts, and issues clean-provenance certificates that labs and vendors can rely on."
1060,I0194,Verified-Human Capture for Robot Training Data,collide,Real-world skill and object data for robot and industrial-AI builders,0.293,3,1,0.29,False,below cutoff,"A trusted-capture layer that proves robot training video was really filmed by a real human doing a real task on a real sensor, sold to data vendors and to the labs that buy from them."
1061,I0644,By Heart: Memorization Recitals as Status,wild,Loneliness and purpose: belonging programs for isolated adults and elders,0.292,3,1,0.288,False,below cutoff,"A membership club where knowledge workers memorize whole works and perform them at ticketed, witnessed recital nights, making 'held in my head' the new marathon medal."
1062,I0336,Drought-to-Curtailment Forecasts for Hydro-Powered Compute,idea,Getting power for large loads and storage,0.243,4,0,0.288,False,below cutoff,"A subscription index that forecasts 30-180 day power-curtailment risk for bitcoin miners and AI data centers on hydro-dependent grids, built from rainfall, inflow and reservoir signals."
1063,I1122,Tariff Surcharge Clawback for Public Buyers,collide,Recovering IEEPA tariff refunds and surcharges,0.227,5,0,0.287,False,below cutoff,"A contingency-fee audit that finds 'tariff surcharge' line items on city, school-district, transit and university purchase orders and recovers the share vendors are now being refunded after the Supreme Court struck down the IEEPA tariffs."
1064,I0431,Zero-Commission Motor Third-Party Renewal Rails,idea,Singular / uncategorized,0.286,1,0,0.286,False,below cutoff,"If motor third-party pays agents 0%, nobody sells the mandatory cover, so insurers need a cost-plus renewal utility."
1065,I1086,Disaster-Day Instant Cash Parametric Cover,idea,Fast parametric cash for weather and disaster shocks,0.272,4,1,0.284,False,below cutoff,"Pay a fixed sum to a household's phone within hours of an official evacuation order or multi-day power shutoff, funded by cheap capital that is hunting for granular parametric risk."
1066,I0875,Proof-of-Ingestion Traps for Creators' Content,idea,Creators proving authorship and stopping unauthorized AI use of their work,0.254,3,0,0.284,False,below cutoff,"Plant unique, statistically detectable traps in creators' work, then probe AI models to produce evidence that the content was ingested."
1067,I1074,Old Job Kits for Dementia Sundown Hours,persona,Dementia and Alzheimer's care at home and in memory care,0.319,3,2,0.283,False,cliché (2+ judges),"A monthly subscription of dignified, occupation-matched 'work' boxes, such as a retired bookkeeper's ledger and receipts or a retired mechanic's hardware bench, that calm sundowning better than puzzles or toys. Aides earn referral commissions."
1068,I0720,Funding Waterfall at the Vet Estimate,collide,Pet owners and insurers squeezed by rising vet bills,0.336,4,3,0.281,False,cliché (2+ judges),"Front-desk software that routes each vet estimate to the cheapest available funding: insurance advance, charity grant, clinic plan, or credit."
1069,I0197,Storm-Chaser Livestreams as Claims Evidence,collide,Novel environmental and infrastructure data from satellites and crowd-sensing,0.236,4,0,0.281,False,below cutoff,"License the timestamped, geotagged archives of storm-chaser channels as address-level date-of-loss evidence for hail, wind and flood claims."
1070,I0264,Independent Robot Bake-Off and Acceptance Lab,idea,"Buyers unable to verify vendor, algorithm or AI-safety claims",0.236,4,0,0.281,False,below cutoff,"A neutral test cell where warehouse buyers watch robots handle their own SKUs and pallets before signing, with published, verified throughput numbers."
1071,I0095,Notice Desk with Contingency Penalty Abatement,idea,"Unclaimed money: settlements, refunds, penalties and unpaid invoices",0.321,5,3,0.281,False,cliché (2+ judges),"Snap a photo of any IRS or state notice, get triage and a response, and pay only if the penalty is abated."
1072,I0561,Live Herd Maps for Hiking Apps,collide,"Overtouristed destinations, tour operators and independent hotels",0.265,2,0,0.28,False,below cutoff,"Collar-derived herd positions pushed to hiking and mountain-bike apps so hikers reroute around cattle, funded by the destination that profits from the landscape."
1073,I0112,Indigenous-Language Voice Compliance for Farm Crews,idea,"Workforce compliance for remote, tipped and platform workers",0.25,3,0,0.28,False,below cutoff,"A WhatsApp voice assistant that delivers heat-safety training and piece-rate confirmations in Mam, K'iche', Mixtec and Triqui."
1074,I1152,Blind Validation Enclaves for Clinical AI,idea,Health-tech and device makers needing regulatory-grade validation evidence,0.317,3,2,0.28,False,cliché (2+ judges),"Confidential-computing sandboxes where a hospital's private patient data and a vendor's private model meet, and only a signed performance report leaves."
1075,I1001,Together Suites: Adjacent Units for Grandparent Care,collide,"Childcare shortage: providers, buildings and employer funding",0.25,3,0,0.28,False,below cutoff,"Lease linked or adjacent apartment pairs to a young family and a grandparent, with a fire-rated interior door where code allows, a relocation concierge, and help getting the grandparent paid through child care subsidy relative-care rules."
1076,I0291,Philanthropic First-Loss Pool for Vet Care Loans,idea,Pet owners and insurers squeezed by rising vet bills,0.264,4,1,0.276,False,below cutoff,"Use foundation money as a loan guarantee instead of a grant, so each philanthropic dollar backs many dollars of low-APR vet credit that recycles as owners repay."
1077,I1312,Alcohol Bridge: GLP-1 Addiction Care for Hospitals,idea,Behavioral health and addiction care capacity,0.264,4,1,0.276,False,below cutoff,A hospital-embedded service that starts naltrexone plus semaglutide at discharge for alcohol use disorder with PEth monitoring.
1078,I0468,City Micro-Rule API for Group Tour Operators,idea,"Overtouristed destinations, tour operators and independent hotels",0.258,2,0,0.273,False,below cutoff,"A continuously updated database of group caps, loudspeaker rules, coach drop-off bans, fees and overnight-parking bans across overtouristed places, delivered as an itinerary checker for tour operators and campervan renters."
1079,I0077,Fandom Events in Empty Cinema Auditoriums,idea,"Small venues, performers and event vendors",0.243,3,0,0.273,False,below cutoff,"A rights-plus-ticketing agency that fills weekday auditoriums with VTuber concert viewings, esports finals and game-reveal nights, splitting the box office with cinema chains."
1080,I0544,Green-Claims Clearance for EU-Bound Brands,idea,"Brands substantiating origin, recycled-content and green claims",0.341,3,3,0.271,False,cliché (2+ judges),"A crawl-and-fix service that strips or substantiates banned 'eco-friendly' and 'climate-neutral' claims on packaging, product pages and ads for brands selling into the EU."
1081,I0541,Pre-Confirmation Screwworm Risk Feed for Cattle Markets,signal,"Farm and ranch risks: disease, cash, storage and machinery",0.226,4,0,0.271,False,below cutoff,"A county-level early-warning feed that fuses news, vet reports, weather and zone announcements to give cattle buyers, auction barns and insurers days or weeks of lead time over official lab confirmation."
1082,I0224,Fair Witness: Insured Human Eyes for Remote Deals,wild,"Payments, escrow, disputes and human fulfilment for agent transactions",0.341,3,3,0.271,False,cliché (2+ judges),"Heinlein's Fair Witnesses (professionals who report only what they observe) as a bonded, API-callable network that confirms the physical facts of remote transactions for people and buying agents."
1083,I0539,Compliant Format Kit for Card-Break Sellers,idea,Trading cards and collectibles market infrastructure,0.271,1,0,0.271,False,below cutoff,"Counsel-designed formats and software that let breakers, repackers and game stores run randomized break and mystery-pack sales without tripping lottery law."
1084,I1313,Release-Date Congestion Map and Collision Cover,idea,Independent game studios and creator businesses,0.239,3,0,0.269,False,below cutoff,"A wishlist-overlap model and anonymous date-slot registry that tells indies where launch windows are crowded, later backed by parametric cover if a mega-title lands on top of them."
1085,I0949,AI-Label Pre-Flight Before You Upload,idea,Independent game studios and creator businesses,0.239,3,0,0.269,False,below cutoff,A 'spellcheck for platform AI labels' that predicts how each service will tag and treat a file before it goes live.
1086,I0730,Launch Kits for the First Psilocybin Clinics,idea,Behavioral health and addiction care capacity,0.222,4,0,0.267,False,below cutoff,"A readiness and operations service that helps ketamine and TMS clinics and state-licensed psilocybin centers get staffed, compliant and billable before the first FDA approval."
1087,I1274,Co-op Childcare Kits That Also Make Parent Friends,collide,"Childcare shortage: providers, buildings and employer funding",0.236,3,0,0.266,False,below cutoff,"Modern rails (licensing map, insurance, shift scheduling, lead-teacher placement) that let 12-20 neighbor families launch a parent-participation preschool or aftercare co-op in a few months, cutting tuition and curing parent isolation at the same time."
1088,I0418,Skin-Tone-Verified SpO2 Validation Cooperative,signal,Health-tech and device makers needing regulatory-grade validation evidence,0.236,3,0,0.266,False,below cutoff,"Build the 10x-larger, objectively skin-tone-measured, arterial-blood-paired dataset that pulse-oximeter and wearable makers need, and sell access, bias reports and validation studies."
1089,I0036,Vaults After Banks,wild,Shrinking institutions with idle buildings,0.236,3,0,0.266,False,below cutoff,Buy or lease closed bank branches with intact vaults and reopen them as private safe-deposit clubs for the people banks are abandoning.
1090,I0251,Agent-Populated Simulated First Job for Juniors,idea,Entry-level pipeline broken by AI,0.316,2,2,0.265,False,cliché (2+ judges),"A 12-week simulated first job where new grads work inside a persistent fake company staffed by AI coworkers, clients and managers, producing an auditable work record employers trust."
1091,I0503,Prize-Money Payout and Tax Rail for Tournaments,idea,Cross-border money movement and stablecoin rails,0.25,2,0,0.265,False,below cutoff,"Payout operations for tournament organizers and esports orgs: one-time player KYC and tax onboarding, treaty-aware withholding, sanctions screening, and multi-currency payment."
1092,I1094,Placement Exchange for Clients PE Firms Shed,idea,Private-equity roll-up aftermath,0.25,2,0,0.265,False,below cutoff,A compliant offboarding and warm-handoff service that places small clients dropped by PE-backed accounting firms with vetted independent bookkeepers.
1093,I1183,Deadline-Proof AI Overflow and PII Shield for CPA Firms,signal,Recorded and AI-created data exposure for small firms,0.319,4,3,0.264,False,cliché (2+ judges),"A browser extension that strips client SSNs, EINs and bank numbers before any AI tool sees them, and routes work to a compliant pay-as-you-go model when the firm's licensed AI hits its usage cap in the middle of a deadline."
1094,I0376,Josephine Reborn: Permit Concierge for Home Kitchens,wild,Singular / uncategorized,0.264,1,0,0.264,False,below cutoff,"Josephine's home-cooked-meal marketplace was boxed in by health law; California's MEHKO law now licenses home restaurants, so build the permit concierge and a compliant direct-to-consumer storefront, not another marketplace."
1095,I0124,Licensing Workbench for Smallsat Operators,idea,New-space economy: operator gaps and LEO service users' risks,0.278,2,1,0.259,False,below cutoff,"A structured software system of record for satellite licensing across spectrum, debris, remote sensing and export control."
1096,I0670,Designer Proteins for Clear Protein Water,idea,Protein and fermentation capacity squeeze,0.278,2,1,0.259,False,below cutoff,"AI-designed acid-stable proteins that stay clear at pH 2.8-3.5, replacing whey in clear protein drinks."
1097,I0532,Buyout Bridge for Flood-Prone Counties,idea,"Flood and fire survivors: mapping, buyouts, claims and rebuilding",0.199,5,0,0.259,False,below cutoff,"Run the paperwork of county flood buyouts and front cash to owners, reimbursed when grants land."
1098,I0193,SNAP Rules Engine for Independent Grocers,idea,"Benefit-rule changes: Medicaid work rules, SNAP and ACA cliffs",0.199,5,0,0.259,False,below cutoff,An API and POS plug-in that classifies every UPC against each state's changing SNAP soda and candy rules.
1099,I0653,Heirloom Fair-Division Engine for Sibling Estates,idea,Making family estate plans fair and contest-proof,0.212,4,0,0.257,False,below cutoff,Use a fair-division algorithm and a phone walkthrough to split a dead parent's belongings so nobody feels cheated.
1100,I0232,Common Rooms: Community-Share Buyouts of Neighborhood Bars,wild,"Owner wind-down, sudden death and tacit-knowledge handoff",0.211,4,0,0.256,False,below cutoff,"A studio that helps retiring owners sell beloved bars, cafes, bookstores and cinemas to hundreds of neighbors through community-share offers, then supplies a manager and shared back office."
1101,I1216,Blended-Beef Extender for Grinders and Schools,idea,Protein and fermentation capacity squeeze,0.275,2,1,0.256,False,below cutoff,"Sell a fiber-and-protein extender that stretches ground beef 20-30% and adds fiber, instead of trying to replace beef."
1102,I0897,RoboManual: Appliance Manuals Written for Humanoids,wild,Real-world skill and object data for robot and industrial-AI builders,0.292,3,2,0.255,False,cliché (2+ judges),"A licensed library of articulated digital twins and operating procedures (where to press, how the latch moves, how much force) for the 500 most common home appliances, sold to home-robot makers and to appliance brands that want their products to be robot-ready."
1103,I0531,Blind Spend Tokens for Secretive Buyer Agents,wild,"Payments, escrow, disputes and human fulfilment for agent transactions",0.292,3,2,0.255,False,cliché (2+ judges),"A buyer-side privacy gateway that lets agents pay for data and APIs with unlinkable tokens that prove 'authorized and funded' without revealing who is asking, what the price ceiling is, or what the question was."
1104,I1051,Bale Grade Audits With Premium Sharing,idea,"Recycling quality, distressed capacity and battery/EPR compliance",0.194,5,0,0.254,False,below cutoff,"Independent PET and HDPE bale audits, plus MRF line tuning paid from the price uplift, to turn 'commodity bales' into measured, spec-priced material."
1105,I0959,Live Lyric Captions for Concerts,idea,"Language, hearing and communication barriers in services and workplaces",0.239,2,0,0.254,False,below cutoff,"Setlist-conditioned real-time captions of sung lyrics and banter, delivered to phones and smart glasses with translation, sold to venues as an accessibility service."
1106,I0849,Gauntlet Rehearsal Range for Drone Startups,idea,New defense and drone suppliers: compliance and financing hurdles,0.242,4,1,0.254,False,below cutoff,"A private test range that reproduces the Drone Dominance Gauntlet scoring so new entrants can rehearse, fail cheaply and qualify before the real event."
1107,I1250,Zero-Retention Edge Enforcement for City Cameras,idea,"City and county governments: thin staff, grants and vendor oversight",0.222,3,0,0.252,False,below cutoff,Privacy-proof add-on analytics for existing plate readers and CCTV that keep only violation events and cryptographically delete everything else.
1108,I0172,Personalized Cancer Vaccines for Dogs,idea,"Veterinary practices: capacity, workforce, diagnostics and drugs",0.222,3,0,0.252,False,below cutoff,"Falling costs of tumor sequencing, neoantigen prediction and small-batch mRNA make a bespoke cancer vaccine per dog plausible; start with the sequencing and design report oncologists can order today."
1109,I0447,Book-Not-Shop Roll-Up of Retiring Machine Shops,idea,Trade-shop succession and buyouts,0.306,4,3,0.251,False,cliché (2+ judges),"Buy retiring shops' customer books, programs and drawings on earn-outs, then migrate the work to a partner network."
1110,I0144,Payroll-Deducted Paylater Refinance for Factory Workers,idea,Households in debt distress,0.236,4,1,0.248,False,below cutoff,"Consolidate minimum-wage workers' paylater and online loans into one payroll-deducted instalment, sold to the employer as retention."
1111,I0979,GLP-1 Stipend-in-a-Box for Small Employers,idea,"Access, affordability and supply integrity for GLP-1 and compounded drugs",0.266,2,1,0.248,False,below cutoff,A counsel-reviewed HRA wrapper that lets small employers subsidize $149-$299 cash-pay GLP-1s with a capped monthly stipend.
1112,I0610,Reverse-Angi: Shops Sell Their Overflow Jobs,idea,Small trade and service firms underpricing and leaking margin,0.287,5,3,0.247,False,cliché (2+ judges),Missed calls and too-busy jobs get routed to a trusted peer shop that pays the originating shop a referral fee.
1113,I1307,Apprentice Athlete: Injury-Proofing the Skilled Trades,collide,Skilled-trades labor gap,0.214,3,0,0.244,False,below cutoff,"An 8-week pre-apprenticeship that conditions and movement-screens new electricians, plumbers and pipefitters so they survive the first two years."
1114,I1323,Paper-Mill Shield for Diamond Open-Access Journals,wild,Gatekeepers drowning in AI-generated submissions and bot responses,0.194,4,0,0.239,False,below cutoff,"An Open Journal Systems plugin and service that screens incoming manuscripts and reviewers using public research detectors, and hands volunteer editors a plain-language decision memo."
1115,I0953,Weaver Ant Crews for Cashew and Mango Orchards,wild,Smallholders and rural households in emerging markets,0.194,4,0,0.239,False,below cutoff,"Orchard pest control by living ant colonies: trained local 'ant agents' seed, feed and maintain weaver ants in smallholder cashew and mango trees, and the farmers get paid a residue-free premium."
1116,I0242,Demumu With a Body: Paid Welfare-Check Responders,signal,"Diaspora families managing death, care and property across borders",0.194,4,0,0.239,False,below cutoff,"Parent-paid check-in safety for Chinese-, Indian- and Korean-speaking students and migrants living alone abroad, where a missed check-in triggers a paid local door-knock instead of an email to someone 10,000 km away."
1117,I1008,Night Season: After-Dark Programming for Heat-Struck Venues,collide,"Small venues, performers and event vendors",0.208,3,0,0.238,False,below cutoff,"A turnkey production company that converts heat-crushed summer attendance at zoos, gardens and ballparks into ticketed after-dark shows, with heat-triggered scheduling, on revenue share."
1118,I0494,Paid Caregiver Demonstration-Data Cooperative,collide,Real-world skill and object data for robot and industrial-AI builders,0.242,3,1,0.238,False,below cutoff,Home-care aides and family caregivers wear head cameras during non-intimate care tasks and earn revenue share from licensing that data to robot-foundation-model companies.
1119,I1302,Licensed True Stories for Narration Channels,persona,Independent game studios and creator businesses,0.208,3,0,0.238,False,below cutoff,"A story studio that interviews real people about real events and licenses the recordings and scripts to faceless story-narration channels, replacing scraped Reddit posts and fake AI-written 'confessions'."
1120,I1105,Bring-Into-Use Satellites for Spectrum Filing Holders,idea,New-space economy: operator gaps and LEO service users' risks,0.222,2,0,0.237,False,below cutoff,Fixed-price rideshare satellites that let holders of valuable spectrum and orbit filings meet ITU hardware milestones instead of losing them.
1121,I0021,Convert Legacy RPA Bots Using Their Own Logs,idea,Singular / uncategorized,0.336,1,3,0.236,False,cliché (2+ judges),Use years of bot execution logs as free ground-truth tests to convert brittle RPA bots into monitored agents at a fixed price per bot.
1122,I0908,Royalty Co-op for Expert Robot Demonstrations,idea,Real-world skill and object data for robot and industrial-AI builders,0.306,3,3,0.236,False,cliché (2+ judges),A worker-owned data cooperative where master tradespeople record their skilled work and earn ongoing royalties when robot makers license the demonstrations.
1123,I1230,Walkable Childhood Homes for Memory Care,idea,Dementia and Alzheimer's care at home and in memory care,0.239,3,1,0.236,False,below cutoff,"Generate explorable 3D versions of a person's childhood street, lost home or homeland from a few photos and stories, delivered on a TV or tablet for memory care, hospice and diaspora families."
1124,I0078,Front Door for AI Callers at Local Businesses,idea,Merchants and bureaucracies that AI agents cannot reach or navigate,0.306,3,3,0.236,False,cliché (2+ judges),"A phone-number layer that recognizes when the caller is an AI agent, answers instantly with pre-authorized quotes and availability, and routes real customers to humans."
1125,I1284,Humanoid Rentals for Events and Retail,idea,Deploying robots in the real world,0.319,2,3,0.234,False,cliché (2+ judges),"The first profitable humanoid job is spectacle: rent Unitree-class robots plus a trained show operator to brands, malls, arenas and trade shows."
1126,I0627,Work-From-Abroad Compliance Ledger for Employers,idea,"Workforce compliance for remote, tipped and platform workers",0.269,3,2,0.233,False,cliché (2+ judges),"A Slack-native ledger that tracks where remote employees actually work and flags tax, payroll, permanent-establishment and visa thresholds before 30 days from Lisbon becomes a liability."
1127,I0114,Age Assurance Kit for Small Game Communities,idea,Youth online safety and age-assurance compliance for small platforms,0.25,2,1,0.232,False,below cutoff,"A drop-in age-gating kit that never stores IDs, with regulator-ready audit trails, for indie multiplayer studios, mod sites, fan forums and Minecraft-style server networks."
1128,I0965,Package Travel Surcharge Compliance for Tour Operators,idea,"Overtouristed destinations, tour operators and independent hotels",0.216,2,0,0.231,False,below cutoff,"A rules engine that calculates lawful fuel-driven price increases on already-sold package tours, generates the notices and tracks the 8% cancellation trigger."
1129,I0819,Buildings-as-Mines Salvage Reserve Reports,idea,"Recycling quality, distressed capacity and battery/EPR compliance",0.171,5,0,0.231,False,below cutoff,"Mining-style reserve estimates for buildings before demolition, built from phone LiDAR and AI that reads the drawings, then a market for pre-sold salvage rights."
1130,I1068,Revocation List for Leaked ID Documents,idea,Small firms and property managers defending against fraud and impersonation,0.184,4,0,0.229,False,below cutoff,"A neutral, hashed registry of compromised license and passport records that every verifier can check, forcing step-up on IDs from the Nexus/IDScan.net dump."
1131,I1208,Play Yards: Phone-Free Adventure Clubs for Tweens,wild,"Out-of-school time, phone-free play and youth sports safety",0.198,3,0,0.228,False,below cutoff,"Membership 'junk playground' clubs staffed by trained playworkers for ages 9-14 (tools, timber, fire pits, no phones, no lessons), launched first in four-day-school-week districts where Friday is a childcare hole."
1132,I0796,Snow Mutual: Weather Swaps Between Opposite Businesses,wild,Fast parametric cash for weather and disaster shocks,0.181,4,0,0.226,False,below cutoff,"A peer-to-peer weather-swap exchange that nets opposite snowfall exposures inside a metro, matching per-push plow operators with seasonal-flat operators and per-push property managers so no one pays insurer-grade premiums."
1133,I0635,Closed-School Science Labs Shipped to African Schools,collide,Smallholders and rural households in emerging markets,0.181,4,0,0.226,False,below cutoff,"Take decommissioned lab benches, microscopes, fume hoods and Chromebooks from US schools being closed, refurbish them into container-sized lab packages with a practical-exam curriculum, and sell them to private secondary schools in East and West Africa."
1134,I0517,Jobsite Translator That Teaches the Trade,idea,"Language, hearing and communication barriers in services and workplaces",0.311,2,3,0.226,False,cliché (2+ judges),"Live English-Spanish translation for construction crews that also logs each worker's vocabulary and safety instructions, turning toolbox talks into comprehension-verified training and a path to licensure."
1135,I0007,Cloud Machine Shop for High-School Shop Class,idea,Skilled-trades labor gap,0.194,3,0,0.224,False,below cutoff,"Students design parts, watch real CNC machines cut them live at a partner job shop, and receive the parts by mail, so any school gets a hands-on manufacturing lab without machines or instructors."
1136,I0060,Sway Sensors for Liability Trees,wild,Condition monitoring for asset owners and their service contractors,0.194,3,0,0.224,False,below cutoff,"Clamp-on accelerometer nodes that learn each high-consequence tree's own sway signature and alert arborists when it changes, turning one-off tree risk assessments into a recurring monitored service."
1137,I0083,Transfer-Portal Durability Passport for College Athletes,idea,Singular / uncategorized,0.222,1,0,0.222,False,below cutoff,"An athlete-owned, verified injury and load history that programs will demand before they commit six figures of revenue share."
1138,I0575,Refundable-Deposit Demand Proof for Indie Hardware,signal,Crowdfunded hardware makers and indie product brands,0.236,2,1,0.218,False,below cutoff,"A hosted reservation page that lets small hardware creators collect refundable $20-$50 deposits at tiered locked prices, giving them price-elasticity data and a demand certificate before they commit to a campaign or a factory MOQ."
1139,I1163,Robotic Pack-to-Cell Teardown for E-Bike Fleets,idea,"Recycling quality, distressed capacity and battery/EPR compliance",0.222,5,2,0.216,False,cliché (2+ judges),"A robot cell driven by a vision-language-action model that opens e-bike and scooter packs, tests every cell, and regrades them for low-cost storage."
1140,I0269,Show Safe: Compliance and Theft Registry,idea,Trading cards and collectibles market infrastructure,0.214,1,0,0.214,False,below cutoff,"An operating layer for card-show and fan-convention promoters that handles vendor tax permits, insurance certificates, secure check-in and a shared stolen-slab registry."
1141,I0895,Wearable-Verified PE Credit for ESA Families,collide,"Microschools, homeschoolers and shrinking districts",0.169,4,0,0.214,False,below cutoff,Turn any kid's fitness tracker into an audit-proof PE transcript line and an ESA service receipt.
1142,I0186,Compute Boilers: Servers That Heat Buildings,idea,"Data center build quality, commissioning and waste-heat reuse",0.25,3,2,0.213,False,cliché (2+ judges),"Install liquid-cooled inference servers in the boiler rooms of hotels, dorms, pools and laundries, sell the compute, and give the building cheap hot water."
1143,I0283,Used-Satellite Exchange With Independent Health Reports,idea,New-space economy: operator gaps and LEO service users' risks,0.198,2,0,0.213,False,below cutoff,"A broker and due-diligence shop that turns dead or distressed operators' on-orbit assets into sellable, verified inventory."
1144,I0636,Pallet Co-Op for Micro-Resellers,persona,Resellers and liquidators of surplus and fandom goods,0.25,3,2,0.213,False,cliché (2+ judges),"A distributor for one-person resellers that buys store-closing truckloads, values them SKU by SKU, and splits them into size-matched $150 to $500 shares delivered to each member."
1145,I1215,Virtual Detention Basin from Smart Cisterns,idea,Utilities avoiding costly network upgrades with distributed flexibility,0.167,4,0,0.212,False,below cutoff,"Thousands of backyard tanks that pre-drain before forecast storms, coordinated like a virtual power plant for stormwater."
1146,I1283,Subsurface Desert Mapping From Free Radar Satellites,idea,Novel environmental and infrastructure data from satellites and crowd-sensing,0.2,4,1,0.212,False,below cutoff,Use open L-band radar data to map buried channels and structures beneath arid ground for mineral and water explorers.
1147,I1069,AI Standardized Clients for Counseling Programs,idea,Colleges and training programs under new federal loan caps and earnings tests,0.266,4,3,0.211,False,cliché (2+ judges),"Voice-based AI 'clients' with persistent backstories, scored on accredited-skills rubrics, give master's students hundreds of rehearsal sessions before real practicum."
1148,I0300,Rights-Request Engine for Rejected Applicants,idea,Singular / uncategorized,0.278,1,2,0.211,False,cliché (2+ judges),"A consumer tool that files legally formatted data-access and automated-decision requests to employers' hiring systems, turning silent rejections into scores, reasons and evidence."
1149,I0823,Rare Blood Group Assay Foundry,signal,Wet-lab reagents and screens for AI-designed therapeutics,0.181,3,0,0.211,False,below cutoff,"Turn each newly recognized blood-group gene into research-use genotyping controls and panels for reference labs, starting with the MAL deletions that define AnWj-negative blood."
1150,I0519,Competitor-Order Canary for Viral Product Brands,signal,Crowdfunded hardware makers and indie product brands,0.196,2,0,0.211,False,below cutoff,A Shopify/Etsy app that flags the suspicious first order (a big competitor or sourcing agent buying your product to copy it) and launches a 48-hour IP first-aid sprint.
1151,I0165,Universal Insurance Claims Rails for Vet Front Desks,idea,Pet owners and insurers squeezed by rising vet bills,0.264,4,3,0.209,False,cliché (2+ judges),"Vet front desks lose hours filing claims in a dozen insurer portals; sell them one submission and status layer, then add pre-approval and instant-pay as insurers plug in."
1152,I0669,Continuity Vault for Solo Operators,idea,"Owner wind-down, sudden death and tacit-knowledge handoff",0.196,4,1,0.207,False,below cutoff,"A break-glass vault, dead-man switch and runbook so a solo business survives its owner's hospitalization or death, and its AI agents stop cleanly."
1153,I0295,Audit-Grade Inventory Robots for Defense Property,collide,New defense and drone suppliers: compliance and financing hurdles,0.194,4,1,0.206,False,below cutoff,"Drone and rover inventory counts that produce tamper-evident audit evidence, sold first to defense contractors who must physically inventory government-furnished property, then to Pentagon depots racing a clean-audit deadline."
1154,I1106,Rent-a-Robot Creature Actors for Haunts and Events,idea,"Small venues, performers and event vendors",0.208,3,1,0.205,False,below cutoff,"A rental troupe of costumed quadruped and humanoid robots, with operators and safety systems, for haunted attractions, festivals, conventions and immersive shows."
1155,I0624,Whey Capture Skids for Small Cheesemakers,idea,Protein and fermentation capacity squeeze,0.185,2,0,0.2,False,below cutoff,Leased containerized filtration skids that turn small cheese plants' cheap whey into sellable protein concentrate.
1156,I1093,Grant Recovery Desk for Small Cities,idea,"City and county governments: thin staff, grants and vendor oversight",0.236,3,2,0.199,False,cliché (2+ judges),"A contingency-fee grant compliance and reimbursement service for small cities receiving FEMA, DOJ and counter-drone money with no staff to document it."
1157,I0509,Infection-Safe Energy Retrofits for Animal Shelters,collide,"Pets at risk: owner crises, shelters and transport paperwork",0.153,4,0,0.198,False,below cutoff,"A shared-savings energy contractor that designs heat-recovery ventilation, heat pumps and batteries around shelter-medicine infection-control rules, funded by pet-welfare philanthropy and paid partly by utility resilience programs."
1158,I0308,Trust-Fund Compliance for Family Vloggers,idea,Independent game studios and creator businesses,0.167,3,0,0.197,False,below cutoff,"A minutes-on-screen tracker and escrow tool that computes, sets aside and documents the trust share owed to kids who appear in monetized family channels."
1159,I0034,Original-Recording Music for Memory Care,collide,Dementia and Alzheimer's care at home and in memory care,0.167,3,0,0.197,False,below cutoff,"A playlist and licensing service for memory-care communities that matches each resident's favorites to the exact original master, and flags re-records, sound-alikes and AI covers that streaming catalogs are now full of."
1160,I0467,Toddler Talk: Voice-Based Developmental Screening,idea,Singular / uncategorized,0.264,1,2,0.197,False,cliché (2+ judges),A phone-recorded three-minute parent-child talk sample plus automated screening workflow that helps pediatric practices catch speech and developmental delays earlier and capture reimbursement.
1161,I0255,Backflow Testers Roll-Up With Portal-Filing Agents,wild,Trade-shop succession and buyouts,0.25,4,3,0.195,False,cliché (2+ judges),"Consolidate small backflow-test shops, then use agents to parse city notices, schedule tests and file results in each water utility's portal, turning mandated annual tests into a low-churn route business."
1162,I1048,Organized Play in a Box for New Card Games,idea,Trading cards and collectibles market infrastructure,0.194,1,0,0.194,False,below cutoff,"A managed service that gives new and crowdfunded trading card games tournament software, judge training, local-game-store onboarding and prize logistics."
1163,I0190,Bone-First Strength Program for Women 45+,idea,Preventive and longevity care outside conventional insurance,0.264,3,3,0.194,False,cliché (2+ judges),"A gym-delivered lifting and impact program for perimenopausal women, sold on DEXA-verified bone and muscle results."
1164,I1238,Privacy-Compliant Monetization for Faith Apps,collide,Singular / uncategorized,0.222,1,1,0.189,False,below cutoff,"An audit-plus-replacement stack for small prayer, Quran, Bible, Torah and temple apps whose ad SDKs quietly turn every user into a sale of religious-belief data."
1165,I0297,Signed-Capture Verified UGC for DTC Ads,idea,Trusted online signals from verified real people,0.226,3,2,0.189,False,cliché (2+ judges),"A capture SDK and verification API that proves a testimonial video came from a real, purchasing customer, for brands exposed to the FTC's fake-review rules."
1166,I0161,Human Baseline Vault for AI Detection,idea,Rights-cleared human data and vetted expert workers for AI labs,0.194,5,2,0.188,False,cliché (2+ judges),"Proctored, ID-verified, unassisted human writing and speech, timestamped and sealed, sold first as ground truth for detector calibration and later as low-background evaluation data."
1167,I0386,Verification Service for Satellite Imagery Authenticity,idea,Defensible authenticity evidence for disputed digital media,0.222,3,2,0.186,False,cliché (2+ judges),"Check whether a satellite image is real, and issue a chain-of-custody certificate for images used as evidence."
1168,I0993,AI Re-Post Radar with First-Publication Proof,idea,Creators proving authorship and stopping unauthorized AI use of their work,0.222,3,2,0.186,False,cliché (2+ judges),"A seal-then-watch tool that timestamps a creator's work before publishing and finds AI-reworded, re-voiced copies, with a ready-to-file complaint."
1169,I1141,AI Provenance Audits for Game IP Deals,persona,Creators proving authorship and stopping unauthorized AI use of their work,0.156,3,0,0.186,False,below cutoff,"Due-diligence audits, plus a signed process-capture plugin, that tell publishers and acquirers what in a game is verifiably human-made and what IP they actually own."
1170,I0621,Hospital Back-Office Campuses Become Staff Housing,collide,Shrinking institutions with idle buildings,0.153,3,0,0.183,False,below cutoff,"Help nonprofit health systems convert surplus administrative office campuses, emptied by AI scribes and revenue-cycle automation, into staff housing, with the hospital itself as the master-lease credit that makes the conversion financeable."
1171,I0932,Circle Cue: Name Whispers for Early Dementia,idea,Dementia and Alzheimer's care at home and in memory care,0.153,3,0,0.183,False,below cutoff,"Consent-only Bluetooth badges let earbuds whisper who a person is and one line of context to someone with mild cognitive impairment, with no cameras and no face recognition."
1172,I1040,Sponsor-a-Lifeline Satellite Messaging for Missionaries,collide,New-space economy: operator gaps and LEO service users' risks,0.167,2,0,0.182,False,below cutoff,"A church-sponsored satellite messaging line plus supporter-update relay for missionaries, Bible translators and mission-aviation crews in no-coverage areas, sold to mission agencies as duty of care."
1173,I0691,Contingency Appeals for Denied Pet Insurance Claims,idea,Pet owners and insurers squeezed by rising vet bills,0.237,4,3,0.182,False,cliché (2+ judges),Insurers rely on paperwork friction to keep denials uncontested; LLMs that assemble records and policy language make appeals cheap enough to work for a success fee.
1174,I0469,Entry-Integrity Layer for Contests and Festivals,idea,Gatekeepers drowning in AI-generated submissions and bot responses,0.236,4,3,0.181,False,cliché (2+ judges),"Intake screening and a finalist verification desk for photo, film, screenplay and art open calls that fear an AI-winner scandal."
1175,I0884,Valet Keys for Delegated Browser Sessions,idea,Accountability and guardrails for AI agents acting for others,0.25,3,3,0.18,False,cliché (2+ judges),"An enforcement layer that lets an agent act inside your logged-in bank, airline or supplier portal, but only within per-site limits such as read-only here and a spend cap there."
1176,I1100,Wearable-Triggered Spending Guardrails for Sports Bettors,collide,Households in debt distress,0.168,4,1,0.18,False,below cutoff,"A debit card and betting-budget wallet that tightens gambling, day-trading and BNPL limits automatically when the wearer's sleep, heart-rate variability and late-night pattern predict impulsive decisions, with an optional spouse or sponsor as co-guardian."
1177,I0246,Camera-to-Courtroom Evidence Provenance for Small Firms,idea,Defensible authenticity evidence for disputed digital media,0.25,3,3,0.18,False,cliché (2+ judges),"A capture app and export service that timestamps and cryptographically signs photos, video, texts and voicemails at collection, packaged with an authentication affidavit for court."
1178,I1270,Exosuit-as-a-Service Paid by Workers' Comp Carriers,idea,"Home and residential care: labor supply, family caregivers and small-scale models",0.167,4,1,0.178,False,below cutoff,"Rentable powered back-and-hip assist suits for home-care aides and nursing assistants, with usage data that earns workers' comp premium credits."
1179,I0502,Pet Evacuation Capacity Options,collide,"Heat, fire and evacuation protection for vulnerable people",0.181,3,1,0.177,False,below cutoff,An annual small-fee option that reserves boarding capacity near you and pays for it automatically when an official evacuation order hits your address.
1180,I1035,Preseason ACL Screening for Girls' Clubs,idea,"Out-of-school time, phone-free play and youth sports safety",0.181,3,1,0.177,False,below cutoff,A 10-second phone-video landing screen at tryouts that flags risky mechanics and routes athletes to prevention programs and PT.
1181,I0331,Camera-Free Nap-Room Proof-of-Supervision,idea,"Childcare shortage: providers, buildings and employer funding",0.181,3,1,0.177,False,below cutoff,"Start with NFC crib tags that create tamper-evident safe-sleep check logs for childcare centers, then add 60GHz radar that verifies presence and breathing without any camera."
1182,I0353,Ritual-Accurate Wedding Data and Audits for AI,persona,Rights-cleared human data and vetted expert workers for AI labs,0.182,5,2,0.175,False,cliché (2+ judges),"Commission consented, styled ceremony shoots with community elders across a dozen wedding traditions, captioned by ritual stage, and sell accuracy audits and licensed datasets to image-model builders and wedding-tech companies."
1183,I0757,Licensed Local-Language Speech Data Exchange,idea,Rights-cleared human data and vetted expert workers for AI labs,0.181,5,2,0.174,False,cliché (2+ judges),Pay radio stations and call centers for rights-cleared audio and resell it to the voice-AI builders who cannot get it anywhere else.
1184,I0401,Trust Oracle for Rental Listings and Agents,idea,Small firms and property managers defending against fraud and impersonation,0.194,4,2,0.173,False,cliché (2+ judges),"An API that answers whether a vacation rental exists, is legally registered and is controlled by the host, so payment firms, insurers and AI booking agents can refuse scams."
1185,I0831,Half-Plate GLP-1 Menus for Independent Restaurants,signal,Businesses adapting to GLP-1 users' changed consumption,0.194,4,2,0.173,False,cliché (2+ judges),"A menu-engineering kit that converts an independent restaurant's existing dishes into protein-first half-plates priced at about 65-75% of the full plate, to capture GLP-1 households that eat out smaller but still eat out."
1186,I0837,Batteries That Pay Off Utility Arrears,idea,Utilities avoiding costly network upgrades with distributed flexibility,0.194,4,2,0.173,False,cliché (2+ judges),"Install free home batteries in households behind on bills and let capacity payments retire the debt, which is cheaper for the utility than writing it off."
1187,I1156,Ceiling-Camera Auto-Logging for Strength Gyms,idea,"Independent gyms, studios and racquet venues",0.208,3,2,0.172,False,cliché (2+ judges),"Cameras that watch the lifting floor and automatically log every athlete's sets, reps, load and bar speed with no phone."
1188,I1295,Verified-Real Dating Portraits Shot by Wedding Photographers,persona,Trusted online signals from verified real people,0.208,3,2,0.172,False,cliché (2+ judges),"A consumer brand that rents wedding photographers' dead winter months to shoot candid-directed dating and profile portraits, delivered with a signed 'real photo' certificate."
1189,I1169,After-Hours Shop-Lab Leasing in Shrinking Schools,idea,Shrinking institutions with idle buildings,0.208,3,2,0.172,False,cliché (2+ judges),"A booking and insurance layer that rents idle high-school shops, labs and classrooms to apprenticeship programs, trade schools and microschools on nights and weekends."
1190,I0335,Data-Center Community Benefits That Fund Rural Vets,collide,"Localities, utilities and landowners facing speculative data-center demand",0.111,5,0,0.171,False,below cutoff,"An intermediary that packages animal-care compacts (vet loan repayment, mobile clinics, low-cost care days, shelter energy upgrades) as community-benefit commitments for data-center developers fighting local opposition."
1191,I0613,Signed Live Recordings from Every Small Venue,idea,"Small venues, performers and event vendors",0.141,3,0,0.171,False,below cutoff,"A cheap box that records a small venue's mixing-desk multitrack, signs it with time and place, and delivers the artist a 'recorded live tonight' release within hours."
1192,I1052,Keep the 58-Year-Old Machinist Two Years Longer,idea,Skilled-trades labor gap,0.14,3,0,0.17,False,below cutoff,Carrier-co-funded ergonomic and assistive-tech programs that delay retirements instead of chasing new hires.
1193,I0770,Designed Toxin Binders for Mouse-Free Antivenom QC,idea,Wet-lab reagents and screens for AI-designed therapeutics,0.139,3,0,0.169,False,below cutoff,"Sequence-defined, AI-designed toxin-class binders sold as reference reagents that let antivenom makers test potency without mouse lethality assays."
1194,I0022,Phishing Simulations for Agent Approvers,idea,"Proving AI controls and human review to insurers, auditors and clients",0.208,5,3,0.168,False,cliché (2+ judges),Plant known-bad agent actions into human approval queues and prove to auditors and insurers that your reviewers actually catch them.
1195,I0072,Exoskeleton Hike Rentals for Active Older Adults,idea,Singular / uncategorized,0.167,1,0,0.167,False,below cutoff,Trailhead rental hubs and guided exo-hikes that let 60-80 year-olds keep climbing with powered hip assist.
1196,I0511,Pooled Guaranteed Throughput for Agent Builders,idea,"AI builders' dependency risk: model retirement, cost blowouts and platform death",0.236,3,3,0.166,False,cliché (2+ judges),"Mid-market agent builders cannot meet reserved-capacity minimums, so we pool dozens of them into one commitment and sell guaranteed tokens-per-minute with failover."
1197,I0136,Secret-Shopper Audits of Government Algorithms,idea,"Buyers unable to verify vendor, algorithm or AI-safety claims",0.188,4,2,0.166,False,cliché (2+ judges),"Submit synthetic applicants and questions to public benefits systems, chatbots and eligibility tools to measure real error and denial rates, then sell the evidence."
1198,I1000,Article 50 Compliance-in-a-Box for GenAI Apps,idea,EU digital product laws for small connected-device makers,0.217,4,3,0.162,False,cliché (2+ judges),An SDK and audit pack that adds machine-readable AI-output marking and disclosure to small generative apps before 2 Dec 2026.
1199,I0443,Agent-Buyable Assay Storefronts With QC-Gated Escrow,collide,Wet-lab reagents and screens for AI-designed therapeutics,0.229,3,3,0.159,False,cliché (2+ judges),Turn idle university cores and orphaned biotech labs into machine-buyable assay shops where payment releases automatically only if the raw instrument data passes pre-agreed control checks.
1200,I1131,Install-and-Map Crew for Crowdfunded Yard Robots,signal,Crowdfunded hardware makers and indie product brands,0.143,2,0,0.158,False,below cutoff,A local white-glove setup and seasonal-care service for the $4-5K yard robots that Kickstarter backers are buying and struggling to get working.
1201,I0228,Digital Journeyman: Ride-Along Capture for Apprentices,idea,Skilled-trades labor gap,0.194,3,2,0.158,False,cliché (2+ judges),"Retiring tradespeople wear chest cameras for a few job days, and AI turns the footage into a code-aware 'digital master' that also verifies apprentices' on-the-job hours and technique."
1202,I1328,Recipient-Priced Inboxes for Outbound Agents,wild,Gatekeepers drowning in AI-generated submissions and bot responses,0.21,4,3,0.155,False,cliché (2+ judges),"A gateway that lets busy people set a price to reach them and makes outbound AI agents bid for attention, refunding the bond when the message proves relevant."
1203,I1236,End-of-Life Pet Cell Banking via Aftercare Providers,collide,Singular / uncategorized,0.155,1,0,0.155,False,below cutoff,"Sell a living-cell keepsake through pet crematories and euthanasia vets, and build a consented canine and feline cell-and-genome atlas for research."
1204,I0700,Steeple Sites: Church Land for Satellite Ground Stations,collide,New-space economy: operator gaps and LEO service users' risks,0.139,2,0,0.154,False,below cutoff,"Master-lease deals with denominations to host satellite ground stations, gateways and RF sensors on steeples and surplus church land, sold to operators as a ready-made site portfolio."
1205,I0904,Operator-of-Record for Enterprise Drone Flights,idea,"Aircraft and drone operators: maintenance, parts, permits and navigation",0.208,4,3,0.153,False,cliché (2+ judges),"A licensed BVLOS operations team-as-a-service that files the waivers, runs the safety case and supervises the flights for utilities, solar developers and pipeline owners."
1206,I1139,DNA-Certified Coral Frag Registry,idea,Trading cards and collectibles market infrastructure,0.153,1,0,0.153,False,below cutoff,A genotype registry where reef breeders register mother colonies and buyers verify that a $500 frag is genuinely the named morph.
1207,I0524,Egress Firewall for Your Own AI Agents,idea,Accountability and guardrails for AI agents acting for others,0.222,3,3,0.152,False,cliché (2+ judges),"A proxy that lets your agents touch only the sites, portals and APIs you have documented authorization for, and hard-stops on any access-control circumvention."
1208,I0880,Robot Pilot Guild for Gaming-Native Gen Z,wild,Teleoperated labor and remote pilot workforces,0.222,3,3,0.152,False,cliché (2+ judges),"A guild that recruits, trains and certifies gamers aged 16-25 to remotely pilot delivery robots and humanoids, with a portable verified flight-hour logbook that becomes their credential."
1209,I0030,Proof-of-Resident Public Comment,idea,Gatekeepers drowning in AI-generated submissions and bot responses,0.139,4,1,0.151,False,below cutoff,"Privacy-preserving verification that a public comment or 311 report comes from a real resident, without collecting their identity."
1210,I1036,Injection-Proof Video Calls for High-Stakes Approvals,idea,Defensible authenticity evidence for disputed digital media,0.184,3,2,0.147,False,cliché (2+ judges),"A WebRTC layer that accepts only video frames attested by the phone's secure hardware, killing virtual-camera and deepfake injection in notarizations and wire approvals."
1211,I1054,"One Guide, Twelve Languages: Live-Dubbed Tours",idea,"Overtouristed destinations, tour operators and independent hotels",0.197,2,2,0.145,False,cliché (2+ judges),"The guide speaks once and each guest hears their own language in low-latency synthesised audio, so mixed-language groups share one guide and cities see fewer, fuller groups."
1212,I0586,Pooled Buyer Mandates for Group Discounts,idea,"Payments, escrow, disputes and human fulfilment for agent transactions",0.215,3,3,0.145,False,cliché (2+ judges),Thousands of buyer agents sign standing purchase mandates ('I will pay up to $X if 200 others join') and vendors bid to fill the pooled demand.
1213,I0603,Cryo-Vault for Artisan Food Microbial Cultures,persona,Singular / uncategorized,0.145,1,0,0.145,False,below cutoff,"Backup-and-rescue service that fingerprints, isolates and cryo-banks the living house cultures (cheese rind flora, koji, kombucha SCOBYs, sourdough starters, mushroom spawn, natural-wine yeast) of small food producers in split-geography -80 storage, with a 48-hour emergency revival."
1214,I1096,Public-Access TV Stations Become Media Notaries,collide,Defensible authenticity evidence for disputed digital media,0.114,3,0,0.144,False,below cutoff,Convert struggling PEG community-media centers into witnessed-recording and signing hubs that cities pay to certify official meeting video and creators pay to prove a recording was performed live by a human in a real room.
1215,I0570,"Provably Anonymous, Provably Employee Whistleblower Channel",idea,Trusted online signals from verified real people,0.114,3,0,0.144,False,below cutoff,"A reporting channel where a worker proves they hold a company email using zero-knowledge proofs, without the employer or vendor ever learning who they are."
1216,I0372,Dead-Zone Analytics to Price Satellite Add-Ons,idea,New-space economy: operator gaps and LEO service users' risks,0.125,2,0,0.14,False,below cutoff,"A tool that finds the small share of subscribers who will pay for satellite coverage, and prices it for them."
1217,I1015,Agent Purchase Warranty: The Liability Layer,idea,"Payments, escrow, disputes and human fulfilment for agent transactions",0.21,3,3,0.14,False,cliché (2+ judges),"Everyone is building payment rails for shopping agents. Nobody owns what happens when an agent buys the wrong thing, so sell the warranty and dispute layer."
1218,I1198,Managed Migrations When Models Get Retired,idea,"AI builders' dependency risk: model retirement, cost blowouts and platform death",0.208,3,3,0.138,False,cliché (2+ judges),"We replay your agent's real traces on the replacement model, fix the regressions, and hand back a patched prompt and tool config with a pass/fail report before the deprecation date."
1219,I0090,Youth Clubs as the Ban-Proof Group Chat,idea,Youth online safety and age-assurance compliance for small platforms,0.188,2,2,0.137,False,cliché (2+ judges),"A roster-anchored messaging layer for sports leagues, scout councils and youth groups that reuses the club's adult-verified roster as a safe, auditable chat for 9-15 year olds, paid by the club."
1220,I0614,Continuity and Goodbye Service for Kids' AI Companions,collide,"Emotional-AI companions: dependence, harm and continuity",0.139,3,1,0.136,False,below cutoff,"Escrowed hosting plus child-psychologist-designed transitions so that when an AI toy or companion is shut down, retired or swapped out, kids do not lose a 'friend' overnight."
1221,I1046,GLP-1 Menu Labeling Layer for Independent Restaurants,signal,Businesses adapting to GLP-1 users' changed consumption,0.188,4,3,0.133,False,cliché (2+ judges),"A cheap per-dish protein, fiber and portion labeling and half-portion pricing tool that tells the 12% of diners on GLP-1 drugs which dishes fit, published wherever they look."
1222,I0040,Data Centers Fund Neighborhood Batteries in Emerging Cities,collide,Getting power for large loads and storage,0.188,4,3,0.133,False,cliché (2+ judges),"Sell data-center developers in capacity-starved emerging cities a bring-your-own-capacity package delivered as batteries and solar at nearby small businesses, dispatched to the local utility at the evening peak."
1223,I1298,Reusable Trust Passport for Bio-AI Access,collide,"Autonomous and AI-directed labs: infrastructure, safety and access",0.188,4,3,0.133,False,cliché (2+ judges),"One neutral, portable verification that a biotech or academic lab is legitimate, bound to that lab's agent keys, so frontier AI vendors and DNA/reagent suppliers can accept its agent-placed orders without repeating the diligence."
1224,I0564,Royalty-Exact Generators: One Adapter per Creator,idea,Creators proving authorship and stopping unauthorized AI use of their work,0.167,3,2,0.13,False,cliché (2+ judges),"A generative sound-effects and sample tool where every contributor has their own adapter, so payouts are exact by construction instead of guessed after the fact."
1225,I1089,GST Credit Recovery on UPI Fees,idea,"Unclaimed money: settlements, refunds, penalties and unpaid invoices",0.069,5,0,0.129,False,below cutoff,Recover the 18% GST on new UPI MDR fees as input credit for retailers and distributors that will otherwise never claim it.
1226,I0073,Universal Viva: AI-Run Oral Verification,idea,"Verifying real human skill, identity and authorship in hiring and education",0.199,3,3,0.129,False,cliché (2+ judges),"After each major submission the student takes a five-minute identity-verified voice conversation with an AI examiner about their own work, and humans review only the flagged mismatches."
1227,I0889,Post-Mortem CT Plus Remote Pathology for Coroners,idea,"Hospice, dying and the first weeks of bereavement",0.114,2,0,0.129,False,below cutoff,"Give rural coroners a scan-and-remote-read pathway so cause-of-death answers arrive in a day instead of weeks, without buying a single scanner."
1228,I0196,Fresh-Fall Meteorite Alerts and Landowner Desk,collide,Novel environmental and infrastructure data from satellites and crowd-sensing,0.083,4,0,0.128,False,below cutoff,"Turn satellite lightning-sensor fireball detections into strewn-field maps within an hour, then broker signed landowner access and sale terms for hunters and dealers who pay for a 24-hour head start."
1229,I0618,SLA-Backed Mirror of At-Risk Public Earth Data,idea,Novel environmental and infrastructure data from satellites and crowd-sensing,0.083,4,0,0.128,False,below cutoff,"A paid continuity service that keeps free federal Earth-observation feeds flowing, with bridge products and an SLA, when the originals degrade or go dark."
1230,I0011,Delivery Robots for Gated Communities,idea,Deploying robots in the real world,0.112,2,0,0.127,False,below cutoff,"Buy the sidewalk-robot fleets that failed on public streets at a discount and run them inside senior-living, campus and large apartment communities as a subscription amenity."
1231,I0286,Continuity Assurance for Emotional AI Products,idea,"Emotional-AI companions: dependence, harm and continuity",0.194,3,3,0.124,False,cliché (2+ judges),"A regression-testing and escrow layer that lets companion, coaching and therapy-adjacent apps swap underlying models without users feeling the presence they know has died."
1232,I0087,Convert Empty Thai Hotel Floors to Monthly Stays,idea,"Overtouristed destinations, tour operators and independent hotels",0.208,2,3,0.123,False,cliché (2+ judges),"Take under-filled floors of mid-tier Thai hotels on revenue share and run them as furnished 30-90 day remote-worker wings, replacing lost Chinese group demand with sticky monthly stays."
1233,I0235,Provenance Stamps for AI-Drafted Official Products,idea,"Proving AI controls and human review to insurers, auditors and clients",0.125,5,2,0.118,False,cliché (2+ judges),"A document layer that makes AI-assisted analytic and official products visibly claim-by-claim traceable, and refuses to export as official until unsupported claims are resolved."
1234,I0493,Pre-Permitted Gateway Campuses for Satellite Constellations,idea,New-space economy: operator gaps and LEO service users' risks,0.101,2,0,0.116,False,below cutoff,"A real-estate developer for multi-tenant satellite gateway sites with power, fiber, interference studies and landing-right support."
1235,I1092,AI-Aware E&O Cover for Solo Consultants,idea,"Proving AI controls and human review to insurers, auditors and clients",0.155,5,3,0.115,False,cliché (2+ judges),"A specialty insurance agency for laid-off professionals turned solo consultants whose errors-and-omissions cover may quietly exclude AI-assisted work, with premiums discounted for logged verification workflows."
1236,I1126,Calibration Target Network for Earth-Observation Startups,idea,New-space economy: operator gaps and LEO service users' risks,0.1,2,0,0.115,False,below cutoff,Networked ground calibration targets that issue overpass-synchronized calibration certificates for EO satellites.
1237,I0514,Robotaxi Escort: Curb-to-Exam-Room Concierge,collide,Autonomous-vehicle fleets' ground infrastructure and stakeholders,0.184,3,3,0.114,False,cliché (2+ judges),"Trained escorts who meet seniors at the door, ride the robotaxi with them, wait at the appointment and bring them home, replacing costly NEMT vehicles."
1238,I0316,AI Shuttle Mediation for Estranged Families,idea,Singular / uncategorized,0.181,1,2,0.114,False,cliché (2+ judges),"Each estranged party talks privately with an AI that drafts consensus 'bridge' statements and safe first-contact messages, leading to a human-mediated reunion within six weeks."
1239,I0045,Kin Circles: Chosen-Family Covenants for Solo Agers,wild,"Solo agers without family to act as proxy, executor or guardian",0.083,3,0,0.113,False,below cutoff,"A structured program where 6-8 unrelated adults form a witnessed, legally backed chosen-family circle that covers emergencies, hospital discharge and funerals."
1240,I0571,Closing Ceremonies for Layoffs and Team Sunsets,wild,"Employers restructuring for AI: layoffs, severance and displaced workers",0.083,3,0,0.113,False,below cutoff,"Trained ex-chaplains and celebrants who design and run dignified endings for teams hit by AI-driven layoffs, project sunsets and site closures."
1241,I0753,Low-Background Human Data: Witnessed Creative Corpora,idea,Rights-cleared human data and vetted expert workers for AI labs,0.153,5,3,0.113,False,cliché (2+ judges),"Like pre-war steel, certifiably human creative work is becoming scarce, so sell fresh, witnessed, process-verified corpora to labs and detector vendors."
1242,I0893,Robot Basecoating for Tabletop Miniature Armies,idea,Singular / uncategorized,0.113,1,0,0.113,False,below cutoff,"A batch service where vision-guided robot airbrush cells prime, zenithal-shade and basecoat plastic miniatures so hobbyists only paint the details."
1243,I1161,At-Home Feline Urine Lab via Smartphone,idea,"Veterinary practices: capacity, workforce, diagnostics and drugs",0.181,3,3,0.111,False,cliché (2+ judges),"A non-absorbent litter collection kit and phone-camera strip reader that flags early urinary, diabetic and kidney-related changes in cats and routes trends to the clinic."
1244,I0266,Off-Ramp Cohorts for AI-Companion Dependence,wild,"Emotional-AI companions: dependence, harm and continuity",0.111,3,1,0.108,False,below cutoff,"Eight-week, in-person, non-shaming cohorts that help heavy AI-companion users rebuild human contact, sold to individuals and to employee assistance and counseling providers."
1245,I1130,Grandschools: Microschools Inside Senior Communities,idea,"Microschools, homeschoolers and shrinking districts",0.058,4,0,0.103,False,below cutoff,"Turnkey K-8 microschools hosted in senior-living and 55+ communities, with residents as mentors and tuition funded by ESAs and scholarship credits."
1246,I0526,Pet-Safe Demand Response With Guaranteed Temperature Floors,collide,Utilities avoiding costly network upgrades with distributed flexibility,0.125,4,2,0.103,False,cliché (2+ judges),"A demand-response layer that ties thermostat and battery dispatch to a cheap sensor where the pet actually lives, guaranteeing a temperature floor so pet owners stop opting out of grid flexibility."
1247,I0841,A Price Index and Exchange for Agent Labor,idea,"Buyers unable to verify vendor, algorithm or AI-safety claims",0.158,4,3,0.103,False,cliché (2+ judges),"Publish the going rate and accuracy for standardized agent-delivered tasks (per 1,000 invoices, per verified ticket resolution), then let buyers run reverse auctions against it."
1248,I0352,Shoot-Out Co-Own: Legal OS for Friend Homebuyers,wild,Singular / uncategorized,0.168,1,2,0.102,False,cliché (2+ judges),"A co-ownership package for friend groups: a state-specific ownership agreement with a built-in Texas-shoot-out buyout, contribution-weighted equity, default rules and lender-friendly structure."
1249,I0907,Walker Brain: Clip-On Sensor for Rollators,wild,Adult children managing aging parents from afar,0.17,3,3,0.1,False,cliché (2+ judges),"A $60 clip-on pod that turns any walker or rollator into a fall alarm, night-light and gait-speed monitor, so there is no wearable to forget."
1250,I0125,Human-Review Receipts for the EU Text Exemption,idea,"Proving AI controls and human review to insurers, auditors and clients",0.139,5,3,0.099,False,cliché (2+ judges),"Sell signed proof that a named human reviewed and took responsibility for AI-assisted text, which is the thing the EU's disclosure rule for text appears to reward, not labels on AI."
1251,I0822,Voice-Agent Cash-Price Negotiator for Imaging,idea,"Benefit-rule changes: Medicaid work rules, SNAP and ACA cliffs",0.139,5,3,0.099,False,cliché (2+ judges),"AI voice agents that call 20-30 local facilities, negotiate a guaranteed cash bundle for an MRI, CT or scope, and book it for the newly uninsured."
1252,I0903,Passive-Radar Drone Detection for Prisons,idea,"Rural sheriffs, jails and small police agencies",0.168,3,3,0.098,False,cliché (2+ judges),"Detect small drones by listening to ambient cell, broadcast and Wi-Fi signals, with no transmitter, no license and no radar permit."
1253,I0830,Shift-Matched Nurse Households Near Hospitals,collide,Housing for workers priced out of tight markets,0.083,2,0,0.098,False,below cutoff,"Master-lease three- and four-bedroom units near hospitals and match two single-parent nurses with interlocking shifts and similar-aged kids into one household, so overnight and early-morning care is built into the lease. The hospital pays for placement."
1254,I0298,Swimmer-Distress Drones for Endurance Events,idea,Singular / uncategorized,0.097,1,0,0.097,False,below cutoff,A race-day service using thermal-camera drones and AI to spot swimmers in trouble before rescue boats do.
1255,I0548,90-Day Bridge Power for Robotaxi Depots,idea,Autonomous-vehicle fleets' ground infrastructure and stakeholders,0.167,3,3,0.097,False,cliché (2+ judges),Containerized battery-buffered charging stalls leased per stall per month so AV fleets can open depots years before the utility connects them.
1256,I0609,Stablecoin Depeg and Freeze Cover,idea,Cross-border money movement and stablecoin rails,0.182,2,3,0.097,False,cliché (2+ judges),"GENIUS made stablecoins legal, not insured. Sell corporate treasurers parametric cover for issuer depeg, redemption suspension and wallet freezes so their risk committees will approve holding balances."
1257,I1320,Founder File for Under-18 Hustlers,persona,"Gig, tipped and cash workers unable to prove income",0.083,4,1,0.095,False,below cutoff,"A verified business transcript, tax pack and Roth IRA earned-income record for the parents of teens who legally can't hold the seller accounts their income runs through."
1258,I0454,Service-Linked Loans for Vet Students Facing Caps,idea,Colleges and training programs under new federal loan caps and earnings tests,0.083,4,1,0.095,False,below cutoff,"Grad PLUS ended for new borrowers on July 1, 2026, and vet school now hits a $50K-per-year, $200K aggregate federal cap; clinics and rural practices can fill the gap with work-linked financing that doubles as retention."
1259,I0686,Hybrid-Race-in-a-Box Rentals for Gyms,idea,"Independent gyms, studios and racquet venues",0.097,3,1,0.094,False,below cutoff,"Rentable station kits, timing, waivers, insurance and sanitation protocols so any gym can run a Hyrox-style event for members."
1260,I0944,Estate Planning for People's AI Agents,idea,Accountability and guardrails for AI agents acting for others,0.097,3,1,0.094,False,below cutoff,"Powers of attorney, dead-man switches and revocation tooling for the agents that hold standing authority over your money, email and subscriptions."
1261,I1129,Purpose-Locked Guardian Funds for Pets,collide,"Pets at risk: owner crises, shelters and transport paperwork",0.114,4,2,0.092,False,cliché (2+ judges),A pre-funded account that pays a named pet guardian through a card locked to vet and pet spending when the owner dies or is hospitalized.
1262,I0599,Whisper Director for Immersive Theatre and LARP,idea,"Small venues, performers and event vendors",0.056,3,0,0.086,False,below cutoff,Beacon badges plus an AI conductor that whispers real-time cues to human actors so a 100-guest immersive show feels individually authored.
1263,I1241,Launch-or-Rebook Guarantees for Rocket-Chasing Travelers,collide,"Overtouristed destinations, tour operators and independent hotels",0.07,2,0,0.085,False,below cutoff,"A 'Launch Flex' add-on that hotels, charters and viewing events sell to fans, promising a rebook credit or refund if the target launch slips or scrubs, priced from launch history and weather."
1264,I0306,"Twelve-Week Friend Pods, Paid by Cafes",idea,Loneliness and purpose: belonging programs for isolated adults and elders,0.155,3,3,0.085,False,cliché (2+ judges),"Fixed cohorts of six adults meet weekly at the same cafe for 12 weeks, backed by a refundable attendance deposit, with the venue paying for guaranteed slow-hour covers."
1265,I0153,Guaranteed Midday Walker as Apartment Amenity,persona,"Landlords in soft markets: vouchers, evictions, vacancies and retention",0.125,5,3,0.085,False,cliché (2+ judges),"Sell apartment operators a fixed on-site walker window as a renewal and lease-up amenity, with residents paying a discounted per-walk fee and the building paying a retainer."
1266,I1123,Reef Mixtapes for Oyster Hatcheries and Reefs,wild,Fisheries and ecosystem-service operators,0.069,2,0,0.084,False,below cutoff,Underwater speakers and a licensed library of healthy-reef soundscapes that lure oyster larvae to settle in hatchery tanks and restoration sites.
1267,I1031,Passive Elder Wellness Checks From Water Flow,collide,Adult children managing aging parents from afar,0.154,3,3,0.084,False,cliché (2+ judges),"A daily 'your parent used water normally' text built from a clip-on flow sensor or a utility's smart-meter feed, sold to adult children as flood protection first and wellness second."
1268,I1180,Dispute Escrow for Agent Payments on Pix/UPI,collide,"Payments, escrow, disputes and human fulfilment for agent transactions",0.154,3,3,0.084,False,cliché (2+ judges),A neutral hold-and-evidence layer that gives agent-initiated Pix and UPI payments the dispute protection cards have and push rails never did.
1269,I1231,Micro-Bounties for Humans to Rescue Stuck Robots,idea,Autonomous-vehicle fleets' ground infrastructure and stakeholders,0.153,3,3,0.083,False,cliché (2+ judges),"An on-demand app where robots and AVs post 30-second physical tasks (close a door, plug in a charger, move a cone, lift a robot over a curb) and nearby humans get paid instantly."
1270,I1319,Escrow and Tax Rails for Agent-Hired Humans,idea,"Payments, escrow, disputes and human fulfilment for agent transactions",0.153,3,3,0.083,False,cliché (2+ judges),"The compliance and payment layer that lets software agents legally hire humans for judgment and real-world tasks: owner KYC, task-legality screening, escrow, worker classification and tax forms."
1271,I0678,Genetic-Resource Provenance Ledger for Bio-AI,idea,Singular / uncategorized,0.083,1,0,0.083,False,below cutoff,"Track which genetic resources and sequences, physical and digital, feed a company's models and pipelines, so it can prove Nagoya compliance today and estimate Cali Fund exposure tomorrow."
1272,I0480,Positive Pay for Stablecoin Wallets,idea,Cross-border money movement and stablecoin rails,0.167,2,3,0.082,False,cliché (2+ judges),"Give mid-market finance teams the control environment auditors will demand before approving stablecoin flows: vendor wallet verification, sanctions and taint screening, and freeze-risk checks."
1273,I1222,Managed Runtime for Custom Apps Built for Local Businesses,signal,Recorded and AI-created data exposure for small firms,0.129,4,3,0.074,False,cliché (2+ judges),"A white-label hosting, backup and ""someone to call"" layer for AI-built custom apps that freelancers and owners now build for small businesses."
1274,I0852,Clickwrap Gatekeeper: Agents Buy Contract Counsel,wild,Accountability and guardrails for AI agents acting for others,0.144,3,3,0.074,False,cliché (2+ judges),"An API agents call before clicking 'I agree'. It returns clause-level risk against the principal's delegated-authority policy, plus a signed archive of exactly what was accepted."
1275,I0687,Dark-Core Muscle Clinics in Converting Offices,collide,"GLP-1 patients' transitions: procedures, medication changes, quitting and aftercare",0.111,3,2,0.074,False,cliché (2+ judges),"A plug-in metabolic and muscle clinic sized for the windowless middle of deep office floor plates that developers cannot turn into apartments, so dead space earns rent and GLP-1 users get an in-building place to keep their muscle."
1276,I0685,Shelved-Game Rescue Exchange,idea,Independent game studios and creator businesses,0.043,3,0,0.073,False,below cutoff,"A broker that packages cancelled and orphaned game prototypes and licenses them to laid-off veteran teams on revenue-share terms, with reversion rights if the game stalls."
1277,I0858,Disposable Ocean Drifters Reporting Through Orbit,idea,Novel environmental and infrastructure data from satellites and crowd-sensing,0.028,4,0,0.073,False,below cutoff,"$10-30 drifting sensors dropped from passing ships that report through Bluetooth-to-satellite links, building a dense ocean nowcast."
1278,I0127,Drone-Checked Eruv Boundaries,idea,Condition monitoring for asset owners and their service contractors,0.043,3,0,0.073,False,below cutoff,"Scheduled autonomous drone inspection of the utility-wire boundaries that define an eruv, so communities learn before Shabbat whether a line is down."
1279,I0943,Battery-Free Soil Tags Read by Drone,idea,Water scarcity: irrigation allocation and new supply,0.042,3,0,0.072,False,below cutoff,Disposable soil moisture and salinity tags that need no battery and are read by drone flyover.
1280,I0277,Volumetric Concert Replays for Small Venues,idea,"Small venues, performers and event vendors",0.042,3,0,0.072,False,below cutoff,"A multi-camera Gaussian-splat capture rig that lets attendees of 200-2,000 capacity shows buy a free-viewpoint replay of their favorite songs."
1281,I1044,Backyard Telescopes as Cubesat Finders,collide,New-space economy: operator gaps and LEO service users' risks,0.056,2,0,0.071,False,below cutoff,"Pay owners of consumer smart telescopes to image newly deployed smallsats, so operators learn which object is theirs and whether their panels deployed."
1282,I0247,Notary for AI Agents' Authority to Sign,idea,Accountability and guardrails for AI agents acting for others,0.14,3,3,0.07,False,cliché (2+ judges),"A registry of signed, scoped, revocable 'mandates' that let a company's AI agents prove to counterparties what they may commit to, with a legal opinion and an insurer behind each."
1283,I0530,Receipts-Only Reviews via Open Banking,idea,Trusted online signals from verified real people,0.139,3,3,0.069,False,cliché (2+ judges),"Reviews that only people who provably paid can post, with the payment verified through open-banking data and only merchant, amount band and month disclosed."
1284,I0560,Remote-Piloted Robot Workcells for Returns Processing,idea,Teleoperated labor and remote pilot workforces,0.139,3,3,0.069,False,cliché (2+ judges),"Two-arm teleoperated stations in US returns centers, piloted by trained remote workers in low-wage regions, priced per item and generating the data to automate each task over time."
1285,I0117,Withholding-Credit Reconciliation for Indonesian Sellers,idea,Informal finance and payment frictions in emerging markets,0.056,4,1,0.068,False,below cutoff,"Reconcile marketplace-withheld tax against annual returns for the many small sellers across Shopee, TikTok Shop and Tokopedia."
1286,I0485,Compute-Heated Pools and Saunas,idea,"Data center build quality, commissioning and waste-heat reuse",0.069,3,1,0.066,False,below cutoff,"Install small immersion-cooled compute clusters in municipal pools, Ys and recovery studios so the servers pay for the heat."
1287,I0221,Idle-Still Co-Packing for Zero-Proof Brands,idea,Protein and fermentation capacity squeeze,0.083,2,1,0.065,False,below cutoff,Turn distilleries' idle stills and bottling lines into contract capacity for dealcoholized and botanical spirit brands.
1288,I1261,Exoskeletons That Delay Tradesperson Retirement,idea,Skilled-trades labor gap,0.098,3,2,0.062,False,cliché (2+ judges),"Lease passive and powered exoskeletons with fitting, coaching and outcome-based pricing to shops and insurers, targeting 55+ tradespeople whose retirement drives the labor gap."
1289,I0028,Farmer-Photo Crop Insurance Verification,idea,Smallholders and rural households in emerging markets,0.083,4,2,0.062,False,cliché (2+ judges),"Replace satellite guesswork with dense, fraud-checked farmer photos, read by locally trained crop models, to trigger insurance payouts."
1290,I0915,Blank-and-Recipe Kits for Desktop UV Printer Owners,signal,Crowdfunded hardware makers and indie product brands,0.111,2,2,0.059,False,cliché (2+ judges),"A monthly kit of pre-cut blanks, matched jigs and pre-calibrated height maps for the roughly 23,000 desktop UV printers that crowdfunding put into homes, so owners can fill machines and sell without fixturing trial-and-error."
1291,I1247,Flash-Heated Graphite Restoration From Anode Scrap,idea,Critical minerals and rare-earth supply chain recovery and provenance,0.028,3,0,0.058,False,below cutoff,"Use flash Joule heating to restore spent and scrap anode graphite to usable grade in seconds, giving US anode makers a domestic, non-Chinese feedstock."
1292,I0596,Immune-Training Forest-Floor Yards for Daycares,wild,Singular / uncategorized,0.058,1,0,0.058,False,below cutoff,A certified installation and refill service that replaces sterile daycare yards with vetted forest floor and sod to diversify children's skin and gut microbiota.
1293,I0002,Half-Plate Menus for GLP-1 Diners,idea,Businesses adapting to GLP-1 users' changed consumption,0.111,4,3,0.056,False,cliché (2+ judges),A menu-engineering and POS program that turns GLP-1 diners into incremental visits through protein-first half portions.
1294,I0394,WhatsApp Tandas With Credit Reporting,idea,Informal finance and payment frictions in emerging markets,0.111,4,3,0.056,False,cliché (2+ judges),"Felix proved WhatsApp-native finance at $8B of volume. Wrap the rotating savings groups that immigrant households already run in group chats with escrow, default cover and credit reporting."
1295,I1177,Corridor-Pivot Recruiting for Displaced Gulf Migrants,idea,Singular / uncategorized,0.056,1,0,0.056,False,below cutoff,"When Gulf jobs disappear, retrain returnees and place them in Japan, Taiwan and Germany with the employer paying the fee."
1296,I0070,Agent-Access Terms Index for Enterprises,idea,Merchants and bureaucracies that AI agents cannot reach or navigate,0.125,3,3,0.055,False,cliché (2+ judges),"A living database and alert feed of what the top 500 SaaS and data vendors allow, meter and prohibit when your AI agents touch their APIs and data."
1297,I0000,Guild-Issued Credentials That Beat Free Badges,idea,Creators proving authorship and stopping unauthorized AI use of their work,0.056,3,1,0.052,False,below cutoff,"Turn illustrator, photographer, translator and indie-label associations into verifiers that issue portable 'real working creator' credentials."
1298,I0660,Verified-Guardian Credential Built on Childcare Centers,idea,Youth online safety and age-assurance compliance for small platforms,0.069,2,1,0.051,False,below cutoff,"Start as a custody-aware pickup and consent app for childcare centers, then turn those institutions into issuers of privacy-preserving 'verified parent of a child aged X' tokens that apps pay for."
1299,I0484,Fall Response Network for Meteorite Hunters,idea,Novel environmental and infrastructure data from satellites and crowd-sensing,0.0,4,0,0.045,False,below cutoff,"Rapid strewn-field prediction plus standard landowner-permission contracts and a fresh-fall sales channel for meteorite hunters, extendable to satellite-debris reentries."
1300,I1027,Royalty Marketplace for Expert Agent Skills,idea,Rights-cleared human data and vetted expert workers for AI labs,0.083,5,3,0.043,False,cliché (2+ judges),"Retired and displaced specialists package their procedures, judgment rubrics and worked examples as machine-loadable skill packs that companies' agents pull on demand, with per-run metering and royalties to the author."
1301,I0096,Offline Distilled Agent Box for Denied Networks,idea,Singular / uncategorized,0.141,1,3,0.041,False,cliché (2+ judges),"Ruggedized GPU box that runs small models distilled from a unit's own GenAI.mil agents, with zero connectivity."
1302,I0120,Purge-to-Spool Toll Recycler for Print Farms,signal,"Recycling quality, distressed capacity and battery/EPR compliance",0.014,5,1,0.041,False,below cutoff,"A mail-in service that turns multicolour purge waste and failed prints into laser-checked, guaranteed-diameter filament, so print farms get spools back without owning or babysitting a $1,200-$1,700 recycling rig."
1303,I0152,Guardrail Gateway for Law-Firm AI Agents,idea,Accountability and guardrails for AI agents acting for others,0.099,3,3,0.029,False,cliché (2+ judges),"A policy proxy between AI agents and practice-management, billing and trust-accounting systems that enforces ethics rules (trust funds, conflicts, confidentiality) and logs every action for the bar and the insurer."
1304,I0167,Marginalia: Lived-Experience Annotated Books,wild,Singular / uncategorized,0.028,1,0,0.028,False,below cutoff,"One-of-one physical books annotated in ink by people who have actually lived what the book is about, such as a retired ER nurse in The Plague or a lighthouse keeper's daughter in To the Lighthouse."
1305,I1242,Compliance Runtime and Audit for AI Wellness Apps,idea,"Emotional-AI companions: dependence, harm and continuity",0.098,3,3,0.028,False,cliché (2+ judges),"One API that applies each state's rules for companion and wellness chatbots by user location, logs the evidence, and produces the audit reports regulators and insurers ask for."
1306,I0184,Actual-Play Sessions Turned Into Animated Episodes,idea,Independent game studios and creator businesses,0.097,3,3,0.027,False,cliché (2+ judges),"A pipeline that turns a tabletop RPG stream's audio and character art into a condensed animated episode using the cast's own voices, with human review."
1307,I0209,Compliance-First CDL School Roll-Up for Carriers,wild,Skilled-trades labor gap,0.097,3,3,0.027,False,cliché (2+ judges),"Buy the clean CDL schools that survived the federal crackdown, run them with AI scheduling and audit-ready records, and get paid per hired graduate by carriers."
1308,I0661,Benefits Administrator for Pet-Care Subsidies,idea,Pet owners and insurers squeezed by rising vet bills,0.043,4,2,0.021,False,cliché (2+ judges),"When hundreds of millions in philanthropy and city funds must reach the right households through thousands of small clinics, someone needs the HSA-administrator equivalent: eligibility, vouchers, payment and audit."
1309,I0398,Asset Provenance Ledger for AI Disclosure,idea,Creators proving authorship and stopping unauthorized AI use of their work,0.056,3,2,0.019,False,cliché (2+ judges),"A plugin for Blender, Photoshop, Unity and Unreal that logs where each asset came from (human-made, AI-generated, purchased) and exports evidence for Steam disclosure and award eligibility."
1310,I1047,Stablecoin Cash-Out Float for Corner Shops,idea,Cross-border money movement and stablecoin rails,0.101,2,3,0.016,False,cliché (2+ judges),"Stablecoins made sending money nearly free, so the scarce thing is cash at the last mile, and the margin goes to whoever finances the agents."
1311,I0200,Size Ladder: Circular Wardrobes for GLP-1 Users,collide,Businesses adapting to GLP-1 users' changed consumption,0.07,4,3,0.015,False,cliché (2+ judges),"A subscription that ships the next clothing size on the GLP-1 titration schedule, takes back the last, stores a 'restart' wardrobe, and routes the excess into resale and recycling, sold through telehealth partners as a retention perk."
1312,I0435,Sovereign Data Vaults in Orbit,idea,New-space economy: operator gaps and LEO service users' risks,0.0,2,0,0.015,False,below cutoff,"Encrypted national-records backups stored in orbit, out of reach of seizure, cyber-wipe or flood."
1313,I1228,Savings-Group Credit Score and Treasury,idea,Informal finance and payment frictions in emerging markets,0.069,4,3,0.014,False,cliché (2+ judges),Turn informal savings groups into a credit bureau and stablecoin treasury that asset financiers can lend against.
1314,I0794,Paid Holds: Options Market for Booking Agents,wild,Merchants and bureaucracies that AI agents cannot reach or navigate,0.083,3,3,0.013,False,cliché (2+ judges),"A merchant plugin that sells time-limited holds on appointments, tables and inventory to shopping and booking agents, so agent traffic becomes fee revenue for the merchant instead of something to block."
1315,I0853,Tele-Operated Night Aides for Small Care Homes,collide,Teleoperated labor and remote pilot workforces,0.083,3,3,0.013,False,cliché (2+ judges),"Metered remote-aide hours operating an off-the-shelf mobile manipulator robot in 6-16 bed residential care homes, so labor crosses borders when workers cannot."
1316,I1007,Agent-Bookable Gateway for Local Trades,idea,Merchants and bureaucracies that AI agents cannot reach or navigate,0.083,3,3,0.013,False,cliché (2+ judges),"A per-business endpoint that lets consumers' AI agents get a photo-based quote, hold a slot and pay a deposit at a local trade without a phone call."
1317,I0818,Sub-Tier Surge Twin for the Industrial Base,idea,US machine shops and reshoring manufacturers,0.056,4,3,0.001,False,cliché (2+ judges),"A digital twin of foundries, forges and motor makers that shows which supplier breaks first in a 180-day fight."
1318,I0637,Cross-Border Income Passport for Freelancers,idea,"Gig, tipped and cash workers unable to prove income",0.056,4,3,0.001,False,cliché (2+ judges),"Give stablecoin-paid remote workers a verifiable, portable income record that landlords, lenders and visa agents accept."
1319,I0954,Babel Tables for Multilingual Community Programs,idea,"Language, hearing and communication barriers in services and workplaces",0.014,2,1,-0.004,False,below cutoff,"A tabletop translation hub that lets a senior-center lunch, ESL class or church group hold one conversation across four languages in real time."
1320,I1023,"Paid Shelter-Dog Field Trips, Fees Per Adoption",persona,"Pets at risk: owner crises, shelters and transport paperwork",0.042,4,3,-0.013,False,cliché (2+ judges),"Professional walkers take the longest-stay shelter dogs on 3-hour public field trips with photos and behavior reports, and shelters pay a small trip fee plus a success fee for each adoption."
1321,I0445,Turn Podcast Fans Into Local Chapters,idea,Loneliness and purpose: belonging programs for isolated adults and elders,0.057,3,3,-0.013,False,cliché (2+ judges),"A chapter-in-a-box that lets mid-size creators convert engaged, lonely audiences into weekly local meetups, with insurance, host training and venues handled."
1322,I0092,Drone-Ready Rx Lockers as Adherence Infrastructure,collide,Adult children managing aging parents from afar,0.056,3,3,-0.014,False,cliché (2+ judges),"A lockable, temperature-buffered, authenticated receiving station at a senior's home that accepts drone or courier drops and quietly reports whether the medication was retrieved."
1323,I0879,Escrow Notary for Agents Hiring Humans,wild,"Payments, escrow, disputes and human fulfilment for agent transactions",0.056,3,3,-0.014,False,cliché (2+ judges),"A neutral adjudication layer that agents pay per task to verify that a hired human really did the physical job before escrow releases, built to withstand AI-forged proof."
1324,I0371,A Suable LLC With Reserves for Every Agent,wild,Accountability and guardrails for AI agents acting for others,0.056,3,3,-0.014,False,cliché (2+ judges),"Mass-produced, series-LLC legal wrappers that give each paid agent a registered agent for service of process, a capital reserve, and tax handling, so counterparties have someone to sue."
1325,I0578,Vet-Verified Escrow for Puppy Purchases,collide,Singular / uncategorized,0.083,1,3,-0.017,False,cliché (2+ judges),Buyer funds sit in escrow and release to the seller only after a licensed vet exam confirms the animal is healthy and the microchip matches.
1326,I0043,Roll-Up of Compounding-Stranded Weight-Loss Clinics,idea,"Access, affordability and supply integrity for GLP-1 and compounded drugs",0.028,2,2,-0.024,False,cliché (2+ judges),"Buy distressed med spas and weight-loss clinics that lost their compounded GLP-1 margin, and convert them into aftercare-plus-aesthetics businesses."
1327,I0396,Satiety Peptides for Small-Portion Foods,idea,Businesses adapting to GLP-1 users' changed consumption,0.028,4,3,-0.027,False,cliché (2+ judges),Screen food-grade peptides that trigger the body's own GLP-1 release and put them in high-protein snacks.
1328,I0577,Waze for Agents: Live Bureaucracy Route Data,wild,Merchants and bureaucracies that AI agents cannot reach or navigate,0.043,3,3,-0.027,False,cliché (2+ judges),"A pay-per-lookup feed of the current, tested state of consumer and government web procedures (form changes, outages, hidden requirements, real step timings), sold to browser agents just before they attempt an errand."
1329,I0121,Teleoperated Pack-and-Pick Robots Piloted from Latin America,idea,Teleoperated labor and remote pilot workforces,0.042,3,3,-0.028,False,cliché (2+ judges),"Robot arms run by foundation models, with remote pilots in Guatemala or Colombia fixing the edge cases, sold per box."
1330,I0991,Guardrail Gateway for Hotel AI Agents,idea,Accountability and guardrails for AI agents acting for others,0.042,3,3,-0.028,False,cliché (2+ judges),"A proxy between hotel AI agents (voice, chat, booking) and PMS, POS and door-lock APIs that enforces per-action permissions, spend limits and human approval for irreversible actions."
1331,I0284,Overtourism Feed for AI Travel Agents,idea,"Overtouristed destinations, tour operators and independent hotels",0.056,2,3,-0.029,False,cliché (2+ judges),"A destination-signed, machine-readable feed of live capacity, closures and dispersal incentives that AI trip agents query, so places can steer planning before tourists arrive."
1332,I0415,Peak-Season Exchange for Idle Warehouse Robot Hours,idea,Deploying robots in the real world,0.043,2,3,-0.042,False,cliché (2+ judges),"A marketplace and price index that moves idle AMRs and robots-as-a-service capacity between 3PLs and retailers to cover seasonal peaks, priced per robot-hour."
1333,I0379,Surety-Bonded License Plates for AI Agents,idea,Accountability and guardrails for AI agents acting for others,0.028,3,3,-0.042,False,cliché (2+ judges),"A registrar that binds each autonomous agent to a legally accountable, insured principal through a surety bond and a revocable credential merchants and platforms can check."
1334,I0579,Meeting Subtext Captions for Neurodivergent Workers,idea,"Language, hearing and communication barriers in services and workplaces",0.042,2,3,-0.043,False,cliché (2+ judges),"An on-screen coach for Zoom and Teams that flags conversational subtext (a question aimed at you, a topic shift, rising frustration) and supports post-meeting debriefs, sold through autism and ADHD coaches."
1335,I1291,Credit Union Tokenized Deposit Network,idea,Cross-border money movement and stablecoin rails,0.042,2,3,-0.043,False,cliché (2+ judges),Give thousands of small credit unions a shared 24/7 tokenized-deposit settlement network so they can answer the 'war for deposits' together instead of losing it one by one.
1336,I0811,Rent Ledger for Adult Kids Living at Home,signal,Singular / uncategorized,0.056,1,3,-0.044,False,cliché (2+ judges),"A simple lease, payment and credit-reporting layer that lets parents charge their adult children rent, build the kids' credit history, and quietly bank the money as a down-payment fund."
1337,I0970,Lend Against Battery Earnings for Vet Bills,collide,Pet owners and insurers squeezed by rising vet bills,0.0,4,3,-0.055,False,cliché (2+ judges),"A wallet that routes VPP and demand-response payouts into a dedicated pet-care fund, then advances emergency vet money against the battery's telemetry-verified future earnings."
1338,I0838,Pay-on-Green: Escrow Released by Executable Tests,wild,"Payments, escrow, disputes and human fulfilment for agent transactions",0.014,3,3,-0.056,False,cliché (2+ judges),"Escrow for agent-to-agent work where the negotiated object is a hashed acceptance test, and money moves only when the test passes."
1339,I0118,Remote-Piloted Care Robots: Labor by Teleoperation,idea,Teleoperated labor and remote pilot workforces,0.014,3,3,-0.056,False,cliché (2+ judges),"Mobile manipulators supervised by remote pilots handle non-clinical night-shift chores in memory care, importing labor by bandwidth instead of visa."
1340,I0063,Worker-Owned Agentic Back-Office Cooperatives,idea,"Employers restructuring for AI: layoffs, severance and displaced workers",0.014,3,3,-0.056,False,cliché (2+ judges),"A franchise-in-a-box that helps laid-off finance and admin staff form co-ops running agent-leveraged bookkeeping, payroll and billing services for local small businesses, keeping the surplus themselves."
